,Area code,Area,Remain,Leave,Density_x,Males_x,Females_x,Very good health_x,Good health_x,Fair health_x,Very bad health_x,Bad health_x,lat_x,long_x,Density_y,Males_y,Females_y,Very good health_y,Good health_y,Fair health_y,Very bad health_y,Bad health_y,lat_y,long_y
0,E06000031,Peterborough,34176,53216,5.3,"90,859","92,772","81,275","68,493","24,362","2,076","7,425",52.5921402,-0.26874000000000003,5.3,"90,859","92,772","81,275","68,493","24,362","2,076","7,425",52.5921402,-0.26874000000000003
1,E06000032,Luton,36708,47773,46.9,"101,954","101,247","94,607","73,300","25,277","2,446","7,571",51.89102173,-0.42318999999999996,46.9,"101,954","101,247","94,607","73,300","25,277","2,446","7,571",51.89102173,-0.42318999999999996
2,E06000033,Southend-on-Sea,39348,54522,41.6,"85,037","88,621","78,341","60,929","24,420","2,190","7,778",51.54914093,0.70690602,41.6,"85,037","88,621","78,341","60,929","24,420","2,190","7,778",51.54914093,0.70690602
3,E06000034,Thurrock,22151,57765,9.7,"77,823","79,882","76,012","54,788","19,389","1,628","5,888",51.5099411,0.33490199,9.7,"77,823","79,882","76,012","54,788","19,389","1,628","5,888",51.5099411,0.33490199
4,E06000055,Bedford,41497,44569,3.3,"77,312","80,167","73,860","56,663","19,812","1,548","5,596",52.19628143,-0.45462999,3.3,"77,312","80,167","73,860","56,663","19,812","1,548","5,596",52.19628143,-0.45462999
5,E06000056,Central Bedfordshire,69670,89134,3.6,"126,044","128,337","125,019","90,360","29,202","2,128","7,672",51.99903107,-0.47753999,3.6,"126,044","128,337","125,019","90,360","29,202","2,128","7,672",51.99903107,-0.47753999
6,E07000008,Cambridge,42682,15117,30.4,"62,984","60,883","67,743","39,600","12,021",970,"3,533",52.20016861,0.126436,30.4,"62,984","60,883","67,743","39,600","12,021",970,"3,533",52.20016861,0.126436
7,E07000009,East Cambridgeshire,23599,24487,1.3,"41,443","42,375","40,874","29,487","10,131",712,"2,614",52.35787964,0.28316301,1.3,"41,443","42,375","40,874","29,487","10,131",712,"2,614",52.35787964,0.28316301
8,E07000010,Fenland,15055,37571,1.7,"46,811","48,451","37,577","36,042","15,760","1,293","4,590",52.53543854,0.009016,1.7,"46,811","48,451","37,577","36,042","15,760","1,293","4,590",52.53543854,0.009016
9,E07000011,Huntingdonshire,45729,54198,1.9,"84,532","84,976","82,675","60,470","19,682","1,442","5,239",52.35316849,-0.22466999,1.9,"84,532","84,976","82,675","60,470","19,682","1,442","5,239",52.35316849,-0.22466999
10,E07000012,South Cambridgeshire,56128,37061,1.6,"73,790","74,965","78,041","50,147","15,792","1,036","3,739",52.1080513,0.091017,1.6,"73,790","74,965","78,041","50,147","15,792","1,036","3,739",52.1080513,0.091017
11,E07000066,Basildon,30748,67251,15.9,"84,645","89,852","80,704","60,991","23,145","2,302","7,355",51.59035873,0.47505501,15.9,"84,645","89,852","80,704","60,991","23,145","2,302","7,355",51.59035873,0.47505501
12,E07000067,Braintree,33523,52713,2.4,"72,137","74,947","69,884","52,492","18,291","1,371","5,046",51.91633987,0.57591099,2.4,"72,137","74,947","69,884","52,492","18,291","1,371","5,046",51.91633987,0.57591099
13,E07000068,Brentwood,19077,27627,4.8,"35,582","38,019","37,548","24,537","8,565",645,"2,306",51.64107895,0.29009101,4.8,"35,582","38,019","37,548","24,537","8,565",645,"2,306",51.64107895,0.29009101
14,E07000069,Castle Point,14154,37691,19.5,"42,907","45,104","38,280","31,786","12,963","1,109","3,873",51.56159973,0.58808398,19.5,"42,907","45,104","38,280","31,786","12,963","1,109","3,873",51.56159973,0.58808398
15,E07000070,Chelmsford,47545,53249,5.0,"82,914","85,396","84,476","58,430","19,261","1,365","4,778",51.73503113,0.49116299,5.0,"82,914","85,396","84,476","58,430","19,261","1,365","4,778",51.73503113,0.49116299
16,E07000071,Colchester,44414,51305,5.3,"85,343","87,731","84,520","60,279","20,925","1,658","5,692",51.87701035,0.85977602,5.3,"85,343","87,731","84,520","60,279","20,925","1,658","5,692",51.87701035,0.85977602
17,E07000072,Epping Forest,28676,48176,3.7,"60,440","64,219","61,413","42,077","15,435","1,293","4,441",51.71279144,0.154147,3.7,"60,440","64,219","61,413","42,077","15,435","1,293","4,441",51.71279144,0.154147
18,E07000073,Harlow,13867,29602,26.8,"39,674","42,270","36,969","29,380","11,203",994,"3,398",51.76613998,0.10388800000000001,26.8,"39,674","42,270","36,969","29,380","11,203",994,"3,398",51.76613998,0.10388800000000001
19,E07000074,Maldon,14529,24302,1.7,"30,458","31,171","28,471","21,961","8,269",668,"2,260",51.77571106,0.773857,1.7,"30,458","31,171","28,471","21,961","8,269",668,"2,260",51.77571106,0.773857
20,E07000075,Rochford,17510,34937,4.9,"40,787","42,500","39,774","29,085","10,832",780,"2,816",51.59093094,0.68347299,4.9,"40,787","42,500","39,774","29,085","10,832",780,"2,816",51.59093094,0.68347299
21,E07000076,Tendring,25210,57447,4.1,"66,071","71,977","53,035","49,451","25,052","2,462","8,048",51.85692978,1.10918295,4.1,"66,071","71,977","53,035","49,451","25,052","2,462","8,048",51.85692978,1.10918295
22,E07000077,Uttlesford,25619,26324,1.2,"39,203","40,240","41,746","26,483","8,620",527,"2,067",51.93592072,0.294485,1.2,"39,203","40,240","41,746","26,483","8,620",527,"2,067",51.93592072,0.294485
23,E07000095,Broxbourne,17166,33706,18.2,"45,357","48,252","44,661","33,072","11,544",975,"3,357",51.72079849,-0.050730000000000004,18.2,"45,357","48,252","44,661","33,072","11,544",975,"3,357",51.72079849,-0.050730000000000004
24,E07000096,Dacorum,42542,43702,6.8,"71,307","73,540","72,910","49,326","16,778","1,257","4,576",51.76845169,-0.55097997,6.8,"71,307","73,540","72,910","49,326","16,778","1,257","4,576",51.76845169,-0.55097997
25,E07000098,Hertsmere,27593,28532,9.9,"48,290","51,741","51,558","32,887","11,433",945,"3,208",51.68016815,-0.26899001,9.9,"48,290","51,741","51,558","32,887","11,433",945,"3,208",51.68016815,-0.26899001
26,E07000099,North Hertfordshire,42234,35438,3.4,"62,380","64,734","63,801","43,360","14,965","1,030","3,958",51.95737839,-0.22314,3.4,"62,380","64,734","63,801","43,360","14,965","1,030","3,958",51.95737839,-0.22314
27,E07000102,Three Rivers,25751,27097,9.8,"42,371","44,946","44,267","29,873","9,772",733,"2,672",51.65631866,-0.45005,9.8,"42,371","44,946","44,267","29,873","9,772",733,"2,672",51.65631866,-0.45005
28,E07000103,Watford,23167,23419,42.1,"44,828","45,473","45,200","31,453","9,911",806,"2,931",51.67169952,-0.40428999,42.1,"44,828","45,473","45,200","31,453","9,911",806,"2,931",51.67169952,-0.40428999
29,E07000143,Breckland,26313,47235,1.0,"64,566","65,925","55,097","48,663","19,565","1,543","5,623",52.59421158,0.81871599,1.0,"64,566","65,925","55,097","48,663","19,565","1,543","5,623",52.59421158,0.81871599
30,E07000144,Broadland,35469,42268,2.3,"60,794","63,852","55,219","46,106","17,475","1,347","4,499",52.6962204,1.25233197,2.3,"60,794","63,852","55,219","46,106","17,475","1,347","4,499",52.6962204,1.25233197
31,E07000145,Great Yarmouth,14284,35844,5.6,"47,762","49,515","39,204","35,032","16,130","1,581","5,330",52.68439865,1.64949596,5.6,"47,762","49,515","39,204","35,032","16,130","1,581","5,330",52.68439865,1.64949596
32,E07000146,King's Lynn and West Norfolk,28587,56493,1.0,"72,053","75,398","60,322","54,681","23,441","1,930","7,077",52.71282959,0.53325802,1.0,"72,053","75,398","60,322","54,681","23,441","1,930","7,077",52.71282959,0.53325802
33,E07000147,North Norfolk,26214,37576,1.1,"49,203","52,296","39,504","38,336","17,412","1,408","4,839",52.83377838,1.132195,1.1,"49,203","52,296","39,504","38,336","17,412","1,408","4,839",52.83377838,1.132195
34,E07000148,Norwich,37326,29040,34.0,"65,267","67,245","59,454","46,939","18,620","1,637","5,862",52.64012909,1.28497899,34.0,"65,267","67,245","59,454","46,939","18,620","1,637","5,862",52.64012909,1.28497899
35,E07000149,South Norfolk,38817,41541,1.4,"60,515","63,497","57,480","44,400","16,575","1,260","4,297",52.51218033,1.37324798,1.4,"60,515","63,497","57,480","44,400","16,575","1,260","4,297",52.51218033,1.37324798
36,E07000200,Babergh,25309,29933,1.5,"43,004","44,736","40,875","31,433","11,624",785,"3,023",52.06417847,0.91623098,1.5,"43,004","44,736","40,875","31,433","11,624",785,"3,023",52.06417847,0.91623098
37,E07000201,Forest Heath,9791,18160,1.6,"30,153","29,595","28,739","21,194","7,235",545,"2,035",52.33330917,0.52760601,1.6,"30,153","29,595","28,739","21,194","7,235",545,"2,035",52.33330917,0.52760601
38,E07000202,Ipswich,27698,38655,33.8,"66,428","66,956","60,771","47,800","18,053","1,527","5,233",52.05791855,1.16326702,33.8,"66,428","66,956","60,771","47,800","18,053","1,527","5,233",52.05791855,1.16326702
39,E07000203,Mid Suffolk,27391,33794,1.1,"47,924","48,807","46,319","34,155","12,432",805,"3,020",52.21858978,1.09695303,1.1,"47,924","48,807","46,319","34,155","12,432",805,"3,020",52.21858978,1.09695303
40,E07000204,St Edmundsbury,26986,35224,1.7,"55,594","55,414","52,543","39,656","14,081","1,033","3,695",52.26118088,0.6752729999999999,1.7,"55,594","55,414","52,543","39,656","14,081","1,033","3,695",52.26118088,0.6752729999999999
41,E07000205,Suffolk Coastal,37218,41966,1.4,"60,663","63,635","57,526","44,087","17,122","1,136","4,427",52.17782974,1.41014194,1.4,"60,663","63,635","57,526","44,087","17,122","1,136","4,427",52.17782974,1.41014194
42,E07000206,Waveney,24356,41290,3.1,"56,021","59,233","47,348","41,820","18,541","1,716","5,829",52.43524933,1.56323695,3.1,"56,021","59,233","47,348","41,820","18,541","1,716","5,829",52.43524933,1.56323695
43,E07000240,St Albans,54208,32237,,,,,,,,,51.77355957,-0.3407,,,,,,,,,51.77355957,-0.3407
44,E07000241,Welwyn Hatfield,27550,31060,,,,,,,,,51.76087189,-0.18517999,,,,,,,,,51.76087189,-0.18517999
45,E07000242,East Hertfordshire,42372,42994,,,,,,,,,51.86484909,0.002739,,,,,,,,,51.86484909,0.002739
46,E07000243,Stevenage,18659,27126,,,,,,,,,51.90539169,-0.18987,,,,,,,,,51.90539169,-0.18987
47,E06000015,Derby,51612,69043,31.9,"123,046","125,706","111,837","87,060","35,193","3,249","11,413",52.91463852,-1.47188997,31.9,"123,046","125,706","111,837","87,060","35,193","3,249","11,413",52.91463852,-1.47188997
48,E06000016,Leicester,70980,67992,45.0,"162,884","166,955","148,108","117,551","44,278","4,930","14,972",52.63592148,-1.13039994,45.0,"162,884","166,955","148,108","117,551","44,278","4,930","14,972",52.63592148,-1.13039994
49,E06000017,Rutland,11353,11613,1.0,"18,915","18,454","18,828","12,718","4,532",283,"1,008",52.66764832,-0.62629998,1.0,"18,915","18,454","18,828","12,718","4,532",283,"1,008",52.66764832,-0.62629998
50,E06000018,Nottingham,59318,61343,41.0,"153,777","151,903","141,038","103,332","41,581","4,666","15,063",52.954189299999996,-1.16666996,41.0,"153,777","151,903","141,038","103,332","41,581","4,666","15,063",52.954189299999996,-1.16666996
51,E07000032,Amber Valley,29319,44501,4.6,"60,192","62,117","53,826","42,795","18,336","1,542","5,810",53.02883911,-1.46219003,4.6,"60,192","62,117","53,826","42,795","18,336","1,542","5,810",53.02883911,-1.46219003
52,E07000033,Bolsover,12242,29730,4.7,"37,388","38,478","30,934","25,423","12,965","1,392","5,152",53.23875046,-1.27227998,4.7,"37,388","38,478","30,934","25,423","12,965","1,392","5,152",53.23875046,-1.27227998
53,E07000034,Chesterfield,22946,34478,15.7,"50,900","52,888","43,274","35,622","16,984","1,704","6,204",53.25574875,-1.40114999,15.7,"50,900","52,888","43,274","35,622","16,984","1,704","6,204",53.25574875,-1.40114999
54,E07000035,Derbyshire Dales,22633,24095,0.9,"35,071","36,045","33,487","24,683","9,718",753,"2,475",53.1232605,-1.70711005,0.9,"35,071","36,045","33,487","24,683","9,718",753,"2,475",53.1232605,-1.70711005
55,E07000036,Erewash,25791,40739,10.2,"54,934","57,147","49,349","39,666","16,762","1,430","4,874",52.938201899999996,-1.35090005,10.2,"54,934","57,147","49,349","39,666","16,762","1,430","4,874",52.938201899999996,-1.35090005
56,E07000037,High Peak,27116,27717,1.7,"44,774","46,118","43,185","30,980","12,011","1,020","3,696",53.38568878,-1.84397995,1.7,"44,774","46,118","43,185","30,980","12,011","1,020","3,696",53.38568878,-1.84397995
57,E07000038,North East Derbyshire,22075,37235,3.6,"48,564","50,459","42,535","33,926","15,734","1,509","5,319",53.16242981,-1.44253004,3.6,"48,564","50,459","42,535","33,926","15,734","1,509","5,319",53.16242981,-1.44253004
58,E07000039,South Derbyshire,22479,34216,2.8,"46,963","47,648","45,075","32,550","12,348",991,"3,647",52.82492065,-1.53494,2.8,"46,963","47,648","45,075","32,550","12,348",991,"3,647",52.82492065,-1.53494
59,E07000129,Blaby,22888,33583,7.2,"46,228","47,687","44,615","33,631","11,764",824,"3,081",52.577060700000004,-1.19886994,7.2,"46,228","47,687","44,615","33,631","11,764",824,"3,081",52.577060700000004,-1.19886994
60,E07000130,Charnwood,43500,50672,6.0,"82,913","83,187","79,906","58,637","20,620","1,472","5,465",52.73989868,-1.13694,6.0,"82,913","83,187","79,906","58,637","20,620","1,472","5,465",52.73989868,-1.13694
61,E07000131,Harborough,27028,27850,1.4,"42,353","43,029","43,421","29,261","9,707",648,"2,345",52.53765869,-0.90228999,1.4,"42,353","43,029","43,421","29,261","9,707",648,"2,345",52.53765869,-0.90228999
62,E07000132,Hinckley and Bosworth,25969,39501,3.5,"51,700","53,378","48,612","37,653","13,974","1,027","3,812",52.60876846,-1.41754997,3.5,"51,700","53,378","48,612","37,653","13,974","1,027","3,812",52.60876846,-1.41754997
63,E07000133,Melton,12695,17610,1.0,"24,718","25,658","24,349","17,892","6,295",391,"1,449",52.80329132,-0.85439998,1.0,"24,718","25,658","24,349","17,892","6,295",391,"1,449",52.80329132,-0.85439998
64,E07000134,North West Leicestershire,22642,34969,3.3,"46,335","47,133","42,477","33,202","12,978","1,078","3,733",52.74250031,-1.42209005,3.3,"46,335","47,133","42,477","33,202","12,978","1,078","3,733",52.74250031,-1.42209005
65,E07000135,Oadby and Wigston,14292,17173,23.9,"27,169","29,001","25,383","20,568","7,524",613,"2,082",52.58874893,-1.09300005,23.9,"27,169","29,001","25,383","20,568","7,524",613,"2,082",52.58874893,-1.09300005
66,E07000136,Boston,7430,22974,1.8,"31,536","33,101","26,298","24,225","10,252",804,"3,058",52.97793961,-0.11218,1.8,"31,536","33,101","26,298","24,225","10,252",804,"3,058",52.97793961,-0.11218
67,E07000137,East Lindsey,23515,56613,0.8,"66,427","69,974","52,138","48,140","24,915","2,537","8,671",53.26483154,0.020549,0.8,"66,427","69,974","52,138","48,140","24,915","2,537","8,671",53.26483154,0.020549
68,E07000138,Lincoln,18902,24992,26.2,"45,773","47,768","41,329","34,216","13,005","1,084","3,907",53.21921158,-0.55848002,26.2,"45,773","47,768","41,329","34,216","13,005","1,084","3,907",53.21921158,-0.55848002
69,E07000139,North Kesteven,25570,42183,1.2,"52,603","55,163","49,563","37,834","14,941","1,230","4,198",53.08058167,-0.47670001,1.2,"52,603","55,163","49,563","37,834","14,941","1,230","4,198",53.08058167,-0.47670001
70,E07000140,South Holland,13074,36423,1.2,"43,119","45,151","35,771","33,149","13,968","1,215","4,167",52.78757858,-0.03058,1.2,"43,119","45,151","35,771","33,149","13,968","1,215","4,167",52.78757858,-0.03058
71,E07000141,South Kesteven,33047,49424,1.4,"64,656","69,132","62,625","46,999","17,767","1,392","5,005",52.84885025,-0.49564999,1.4,"64,656","69,132","62,625","46,999","17,767","1,392","5,005",52.84885025,-0.49564999
72,E07000142,West Lindsey,20906,33847,0.8,"43,491","45,759","39,293","32,075","13,100",992,"3,790",53.40044022,-0.50774002,0.8,"43,491","45,759","39,293","32,075","13,100",992,"3,790",53.40044022,-0.50774002
73,E07000150,Corby,11470,20611,7.6,"30,147","31,108","28,138","21,539","8,045",836,"2,697",52.50696945,-0.7069,7.6,"30,147","31,108","28,138","21,539","8,045",836,"2,697",52.50696945,-0.7069
74,E07000151,Daventry,20443,28938,1.2,"38,899","38,944","37,709","27,454","9,398",705,"2,577",52.30994034,-1.01446998,1.2,"38,899","38,944","37,709","27,454","9,398",705,"2,577",52.30994034,-1.01446998
75,E07000152,East Northamptonshire,21680,30894,1.7,"43,058","43,707","40,656","31,175","11,145",844,"2,945",52.47909164,-0.50919998,1.7,"43,058","43,707","40,656","31,175","11,145",844,"2,945",52.47909164,-0.50919998
76,E07000153,Kettering,21030,32877,4.0,"45,896","47,579","43,038","33,973","12,039",948,"3,477",52.43722916,-0.76773,4.0,"45,896","47,579","43,038","33,973","12,039",948,"3,477",52.43722916,-0.76773
77,E07000154,Northampton,43805,61454,26.3,"104,168","107,901","98,367","77,331","26,530","2,187","7,654",52.23775101,-0.88121003,26.3,"104,168","107,901","98,367","77,331","26,530","2,187","7,654",52.23775101,-0.88121003
78,E07000155,South Northamptonshire,25853,30771,1.3,"42,098","43,091","43,204","29,703","9,378",657,"2,247",52.11843872,-1.08129001,1.3,"42,098","43,091","43,204","29,703","9,378",657,"2,247",52.11843872,-1.08129001
79,E07000156,Wellingborough,15462,25679,4.6,"37,076","38,280","32,913","27,907","10,687",876,"2,973",52.29257965,-0.71425003,4.6,"37,076","38,280","32,913","27,907","10,687",876,"2,973",52.29257965,-0.71425003
80,E07000170,Ashfield,20179,46720,10.9,"58,665","60,832","50,253","41,200","19,484","1,796","6,764",53.09746933,-1.25422001,10.9,"58,665","60,832","50,253","41,200","19,484","1,796","6,764",53.09746933,-1.25422001
81,E07000171,Bassetlaw,20575,43392,1.8,"56,024","56,839","48,326","39,138","17,794","1,693","5,912",53.35604095,-0.97869998,1.8,"56,024","56,839","48,326","39,138","17,794","1,693","5,912",53.35604095,-0.97869998
82,E07000172,Broxtowe,29672,35754,13.7,"54,118","55,369","49,831","38,276","15,614","1,245","4,521",52.9720993,-1.25943995,13.7,"54,118","55,369","49,831","38,276","15,614","1,245","4,521",52.9720993,-1.25943995
83,E07000173,Gedling,30035,37542,9.5,"55,348","58,195","51,154","39,934","16,473","1,325","4,657",53.02434158,-1.11907005,9.5,"55,348","58,195","51,154","39,934","16,473","1,325","4,657",53.02434158,-1.11907005
84,E07000174,Mansfield,16417,39927,13.6,"51,308","53,158","43,295","35,895","16,922","1,878","6,476",53.16703033,-1.17804003,13.6,"51,308","53,158","43,295","35,895","16,922","1,878","6,476",53.16703033,-1.17804003
85,E07000175,Newark and Sherwood,26571,40516,1.8,"56,556","58,261","51,505","39,671","16,874","1,521","5,246",53.10960007,-0.94643003,1.8,"56,556","58,261","51,505","39,671","16,874","1,521","5,246",53.10960007,-0.94643003
86,E07000176,Rushcliffe,40522,29888,2.7,"54,703","56,426","57,689","36,222","12,779",971,"3,468",52.91239929,-1.0109700000000001,2.7,"54,703","56,426","57,689","36,222","12,779",971,"3,468",52.91239929,-1.0109700000000001
87,E09000001,City of London,3312,1087,25.5,"4,091","3,284","4,112","2,374",643,56,190,51.51564026,-0.09351,25.5,"4,091","3,284","4,112","2,374",643,56,190,51.51564026,-0.09351
88,E09000002,Barking and Dagenham,27750,46130,51.5,"90,237","95,674","87,819","62,720","24,042","2,644","8,686",51.54552078,0.12950601,51.5,"90,237","95,674","87,819","62,720","24,042","2,644","8,686",51.54552078,0.12950601
89,E09000003,Barnet,100210,60823,41.1,"172,676","183,710","183,453","117,508","39,172","4,056","12,197",51.61108017,-0.21821,41.1,"172,676","183,710","183,453","117,508","39,172","4,056","12,197",51.61108017,-0.21821
90,E09000004,Bexley,47603,80886,38.3,"111,676","120,321","111,323","80,446","29,015","2,525","8,688",51.45820999,0.14621199999999998,38.3,"111,676","120,321","111,323","80,446","29,015","2,525","8,688",51.45820999,0.14621199999999998
91,E09000005,Brent,72523,48881,72.0,"156,468","154,747","149,695","108,169","36,731","4,281","12,339",51.56441116,-0.27568001,72.0,"156,468","154,747","149,695","108,169","36,731","4,281","12,339",51.56441116,-0.27568001
92,E09000006,Bromley,92398,90034,20.6,"148,588","160,804","154,998","105,574","36,098","2,818","9,904",51.37266922,0.039245999999999996,20.6,"148,588","160,804","154,998","105,574","36,098","2,818","9,904",51.37266922,0.039245999999999996
93,E09000007,Camden,71295,23838,101.1,"107,885","112,453","117,692","67,334","22,963","3,175","9,174",51.54306029999999,-0.16289,101.1,"107,885","112,453","117,692","67,334","22,963","3,175","9,174",51.54306029999999,-0.16289
94,E09000008,Croydon,92913,78221,42.0,"176,224","187,154","174,584","128,634","43,473","3,953","12,734",51.36597824,-0.07761,42.0,"176,224","187,154","174,584","128,634","43,473","3,953","12,734",51.36597824,-0.07761
95,E09000009,Ealing,90024,59017,61.0,"169,175","169,274","166,385","116,712","38,421","4,114","12,817",51.52442932,-0.31406999,61.0,"169,175","169,274","166,385","116,712","38,421","4,114","12,817",51.52442932,-0.31406999
96,E09000010,Enfield,76425,60481,38.7,"150,654","161,812","146,351","109,394","39,699","4,182","12,840",51.64888,-0.08147,38.7,"150,654","161,812","146,351","109,394","39,699","4,182","12,840",51.64888,-0.08147
97,E09000011,Greenwich,65248,52117,53.8,"126,224","128,333","127,641","83,875","29,386","3,235","10,420",51.46395874,0.050108,53.8,"126,224","128,333","127,641","83,875","29,386","3,235","10,420",51.46395874,0.050108
98,E09000012,Hackney,83398,22868,129.2,"122,029","124,241","128,442","75,699","26,837","4,109","11,183",51.554920200000005,-0.06045,129.2,"122,029","124,241","128,442","75,699","26,837","4,109","11,183",51.554920200000005,-0.06045
99,E09000013,Hammersmith and Fulham,56188,24054,111.2,"88,914","93,579","103,036","53,374","17,188","2,364","6,531",51.48736954,-0.21736,111.2,"88,914","93,579","103,036","53,374","17,188","2,364","6,531",51.48736954,-0.21736
100,E09000014,Haringey,79991,25855,86.2,"126,224","128,702","126,485","85,567","28,444","3,780","10,650",51.58771133,-0.10667,86.2,"126,224","128,702","126,485","85,567","28,444","3,780","10,650",51.58771133,-0.10667
101,E09000015,Harrow,64042,53183,47.4,"118,023","121,033","113,731","86,069","28,329","2,638","8,289",51.59466934,-0.33603001,47.4,"118,023","121,033","113,731","86,069","28,329","2,638","8,289",51.59466934,-0.33603001
102,E09000016,Havering,42201,96885,21.1,"114,209","123,023","109,131","84,378","31,492","2,767","9,464",51.56518936,0.235368,21.1,"114,209","123,023","109,131","84,378","31,492","2,767","9,464",51.56518936,0.235368
103,E09000017,Hillingdon,58040,74982,23.7,"135,811","138,125","133,627","96,647","31,492","2,766","9,404",51.53662872,-0.44182,23.7,"135,811","138,125","133,627","96,647","31,492","2,766","9,404",51.53662872,-0.44182
104,E09000018,Hounslow,58755,56321,45.4,"127,397","126,560","124,442","89,064","28,552","2,814","9,085",51.46242905,-0.37843999,45.4,"127,397","126,560","124,442","89,064","28,552","2,814","9,085",51.46242905,-0.37843999
105,E09000019,Islington,76420,25180,138.7,"101,405","104,720","106,386","63,382","23,113","3,473","9,771",51.54547882,-0.10992,138.7,"101,405","104,720","106,386","63,382","23,113","3,473","9,771",51.54547882,-0.10992
106,E09000020,Kensington and Chelsea,37601,17138,130.8,"78,194","80,455","91,764","45,189","14,464","1,875","5,357",51.49644089,-0.18975999999999998,130.8,"78,194","80,455","91,764","45,189","14,464","1,875","5,357",51.49644089,-0.18975999999999998
107,E09000021,Kingston upon Thames,52533,32737,43.0,"78,103","81,957","84,332","53,598","16,425","1,267","4,438",51.39295959,-0.28367001,43.0,"78,103","81,957","84,332","53,598","16,425","1,267","4,438",51.39295959,-0.28367001
108,E09000022,Lambeth,111584,30340,113.0,"150,921","152,165","160,326","97,286","31,188","3,557","10,729",51.46442032,-0.11385,113.0,"150,921","152,165","160,326","97,286","31,188","3,557","10,729",51.46442032,-0.11385
109,E09000023,Lewisham,86955,37518,78.5,"134,957","140,928","135,428","93,850","32,289","3,563","10,755",51.44231033,-0.01733,78.5,"134,957","140,928","135,428","93,850","32,289","3,563","10,755",51.44231033,-0.01733
110,E09000024,Merton,63003,37097,53.1,"98,515","101,178","103,891","67,098","21,025","1,749","5,930",51.41056824,-0.18866999,53.1,"98,515","101,178","103,891","67,098","21,025","1,749","5,930",51.41056824,-0.18866999
111,E09000025,Newham,55328,49371,85.0,"160,336","147,648","149,269","106,549","34,839","4,564","12,763",51.53131866,0.027369,85.0,"160,336","147,648","149,269","106,549","34,839","4,564","12,763",51.53131866,0.027369
112,E09000026,Redbridge,69213,59020,49.5,"138,073","140,897","134,230","97,595","33,470","3,196","10,479",51.58589172,0.07008500000000001,49.5,"138,073","140,897","134,230","97,595","33,470","3,196","10,479",51.58589172,0.07008500000000001
113,E09000027,Richmond upon Thames,75396,33410,32.6,"91,149","95,841","107,217","57,088","16,662","1,406","4,617",51.44033051,-0.28913999,32.6,"91,149","95,841","107,217","57,088","16,662","1,406","4,617",51.44033051,-0.28913999
114,E09000028,Southwark,94293,35209,99.9,"142,618","145,665","154,204","90,004","29,935","3,596","10,544",51.46588898,-0.07309,99.9,"142,618","145,665","154,204","90,004","29,935","3,596","10,544",51.46588898,-0.07309
115,E09000029,Sutton,49319,57241,43.4,"92,443","97,703","92,668","67,563","22,127","1,716","6,072",51.3575592,-0.17227,43.4,"92,443","97,703","92,668","67,563","22,127","1,716","6,072",51.3575592,-0.17227
116,E09000030,Tower Hamlets,73011,35224,128.5,"130,906","123,190","128,468","83,209","27,062","4,129","11,228",51.51552963,-0.0364,128.5,"130,906","123,190","128,468","83,209","27,062","4,129","11,228",51.51552963,-0.0364
117,E09000031,Waltham Forest,64156,44395,66.5,"128,970","129,279","121,652","91,954","31,133","3,457","10,053",51.59460831,-0.01881,66.5,"128,970","129,279","121,652","91,954","31,133","3,457","10,053",51.59460831,-0.01881
118,E09000032,Wandsworth,118463,39421,89.6,"148,646","158,349","176,198","91,935","27,299","2,814","8,749",51.45238876,-0.20021001,89.6,"148,646","158,349","176,198","91,935","27,299","2,814","8,749",51.45238876,-0.20021001
119,E09000033,Westminster,53928,24268,102.2,"111,548","107,848","118,808","65,807","22,027","3,491","9,263",51.51221085,-0.15295,102.2,"111,548","107,848","118,808","65,807","22,027","3,491","9,263",51.51221085,-0.15295
120,E06000001,Hartlepool,14029,32071,9.8,"44,751","47,277","39,816","30,117","14,607","1,699","5,789",54.67615891,-1.27023005,9.8,"44,751","47,277","39,816","30,117","14,607","1,699","5,789",54.67615891,-1.27023005
121,E06000002,Middlesbrough,21181,40177,25.7,"67,732","70,680","62,855","45,295","19,719","2,542","8,001",54.5446701,-1.21098995,25.7,"67,732","70,680","62,855","45,295","19,719","2,542","8,001",54.5446701,-1.21098995
122,E06000003,Redcar and Cleveland,24586,48128,5.5,"65,655","69,522","57,285","45,844","21,449","2,415","8,184",54.56752014,-1.00610995,5.5,"65,655","69,522","57,285","45,844","21,449","2,415","8,184",54.56752014,-1.00610995
123,E06000004,Stockton-on-Tees,38433,61982,9.4,"94,082","97,528","88,811","64,282","26,385","2,836","9,296",54.55691147,-1.30668998,9.4,"94,082","97,528","88,811","64,282","26,385","2,836","9,296",54.55691147,-1.30668998
124,E06000005,Darlington,24172,30994,5.3,"51,483","54,081","47,046","37,199","15,116","1,440","4,763",54.53535079999999,-1.56834996,5.3,"51,483","54,081","47,046","37,199","15,116","1,440","4,763",54.53535079999999,-1.56834996
125,E06000047,County Durham,113521,153877,2.3,"251,280","261,962","217,373","171,564","82,404","9,333","32,568",54.68513107,-1.8405,2.3,"251,280","261,962","217,373","171,564","82,404","9,333","32,568",54.68513107,-1.8405
126,E06000057,Northumberland,82022,96699,,,,,,,,,55.30036926,-2.07521009,,,,,,,,,55.30036926,-2.07521009
127,E08000021,Newcastle upon Tyne,65405,63598,24.7,"140,226","139,951","133,933","89,096","38,018","4,337","14,793",55.02101135,-1.65296996,24.7,"140,226","139,951","133,933","89,096","38,018","4,337","14,793",55.02101135,-1.65296996
128,E08000022,North Tyneside,52873,60589,24.4,"96,883","103,918","90,031","66,955","30,156","3,021","10,638",55.02896118,-1.50923002,24.4,"96,883","103,918","90,031","66,955","30,156","3,021","10,638",55.02896118,-1.50923002
129,E08000023,South Tyneside,30014,49065,23.0,"71,560","76,567","63,345","48,861","23,700","2,827","9,394",54.96987915,-1.44695997,23.0,"71,560","76,567","63,345","48,861","23,700","2,827","9,394",54.96987915,-1.44695997
130,E08000024,Sunderland,51930,82394,20.0,"133,953","141,553","117,365","90,557","43,951","5,478","18,155",54.85720062,-1.43343997,20.0,"133,953","141,553","117,365","90,557","43,951","5,478","18,155",54.85720062,-1.43343997
131,E08000037,Gateshead,44429,58529,,,,,,,,,54.93119812,-1.6868,,,,,,,,,54.93119812,-1.6868
132,E06000006,Halton,27678,37327,15.9,"61,368","64,378","58,684","39,693","17,504","2,133","7,732",53.33423996,-2.68852997,15.9,"61,368","64,378","58,684","39,693","17,504","2,133","7,732",53.33423996,-2.68852997
133,E06000007,Warrington,52657,62487,11.2,"100,300","101,928","100,734","66,223","24,446","2,359","8,466",53.39162827,-2.56167006,11.2,"100,300","101,928","100,734","66,223","24,446","2,359","8,466",53.39162827,-2.56167006
134,E06000008,Blackburn with Darwen,28522,36799,10.8,"73,547","73,942","66,991","49,010","20,725","2,335","8,428",53.70080185,-2.46359992,10.8,"73,547","73,942","66,991","49,010","20,725","2,335","8,428",53.70080185,-2.46359992
135,E06000009,Blackpool,21781,45146,40.7,"69,775","72,290","56,600","48,022","23,977","3,120","10,346",53.821609499999994,-3.02284002,40.7,"69,775","72,290","56,600","48,022","23,977","3,120","10,346",53.821609499999994,-3.02284002
136,E06000049,Cheshire East,107962,113163,3.2,"181,409","188,718","181,595","123,065","47,306","3,914","14,247",53.1679306,-2.29298997,3.2,"181,409","188,718","181,595","123,065","47,306","3,914","14,247",53.1679306,-2.29298997
137,E06000050,Cheshire West and Chester,95455,98082,3.6,"160,586","169,022","159,777","108,967","42,604","4,001","14,259",53.163360600000004,-2.70298004,3.6,"160,586","169,022","159,777","108,967","42,604","4,001","14,259",53.163360600000004,-2.70298004
138,E07000026,Allerdale,22429,31809,0.8,"47,371","49,051","42,887","33,297","14,210","1,266","4,762",54.68523026,-3.28096008,0.8,"47,371","49,051","42,887","33,297","14,210","1,266","4,762",54.68523026,-3.28096008
139,E07000027,Barrow-in-Furness,14207,21867,8.9,"34,185","34,902","29,538","22,865","10,898","1,244","4,542",54.15737152,-3.19975996,8.9,"34,185","34,902","29,538","22,865","10,898","1,244","4,542",54.15737152,-3.19975996
140,E07000028,Carlisle,23788,35895,1.0,"52,478","55,046","48,593","37,494","15,030","1,443","4,964",54.97867966,-2.80704999,1.0,"52,478","55,046","48,593","37,494","15,030","1,443","4,964",54.97867966,-2.80704999
141,E07000029,Copeland,14419,23528,1.0,"35,476","35,127","31,329","23,938","10,516","1,060","3,760",54.46619034,-3.37664008,1.0,"35,476","35,127","31,329","23,938","10,516","1,060","3,760",54.46619034,-3.37664008
142,E07000030,Eden,14807,16911,0.2,"26,033","26,531","24,210","18,810","7,195",474,"1,875",54.63106918,-2.62678003,0.2,"26,033","26,531","24,210","18,810","7,195",474,"1,875",54.63106918,-2.62678003
143,E07000031,South Lakeland,34531,30800,0.7,"50,522","53,136","48,461","36,385","14,117",994,"3,701",54.29906845,-2.78108001,0.7,"50,522","53,136","48,461","36,385","14,117",994,"3,701",54.29906845,-2.78108001
144,E07000117,Burnley,14462,28854,7.9,"42,794","44,265","37,372","29,286","13,682","1,506","5,213",53.7740593,-2.23079991,7.9,"42,794","44,265","37,372","29,286","13,682","1,506","5,213",53.7740593,-2.23079991
145,E07000118,Chorley,27417,36098,5.3,"53,708","53,447","51,303","35,705","14,222","1,302","4,623",53.67240143,-2.61921,5.3,"53,708","53,447","51,303","35,705","14,222","1,302","4,623",53.67240143,-2.61921
146,E07000119,Fylde,19889,26317,4.6,"36,781","38,976","33,815","25,591","11,619","1,040","3,692",53.79710007,-2.91901994,4.6,"36,781","38,976","33,815","25,591","11,619","1,040","3,692",53.79710007,-2.91901994
147,E07000120,Hyndburn,13569,26568,11.1,"39,977","40,757","34,759","27,610","12,225","1,340","4,800",53.75648117,-2.38964009,11.1,"39,977","40,757","34,759","27,610","12,225","1,340","4,800",53.75648117,-2.38964009
148,E07000121,Lancaster,35732,37309,2.4,"66,841","71,534","64,577","46,831","18,960","1,792","6,215",54.07901001,-2.66030002,2.4,"66,841","71,534","64,577","46,831","18,960","1,792","6,215",54.07901001,-2.66030002
149,E07000122,Pendle,16704,28631,5.3,"44,012","45,440","38,965","30,826","13,431","1,309","4,921",53.88636017,-2.18956995,5.3,"44,012","45,440","38,965","30,826","13,431","1,309","4,921",53.88636017,-2.18956995
150,E07000123,Preston,30227,34518,9.9,"70,284","69,918","65,276","47,840","18,585","1,857","6,644",53.82199097,-2.71816993,9.9,"70,284","69,918","65,276","47,840","18,585","1,857","6,644",53.82199097,-2.71816993
151,E07000124,Ribble Valley,15892,20550,1.0,"27,973","29,159","29,415","18,376","7,049",487,"1,805",53.92449951,-2.41739988,1.0,"27,973","29,159","29,415","18,376","7,049",487,"1,805",53.92449951,-2.41739988
152,E07000125,Rossendale,15012,23169,4.9,"33,367","34,615","31,438","22,508","9,603",958,"3,475",53.68478012,-2.26149011,4.9,"33,367","34,615","31,438","22,508","9,603",958,"3,475",53.68478012,-2.26149011
153,E07000126,South Ribble,26406,37318,9.7,"53,344","55,713","52,009","37,211","14,240","1,124","4,473",53.72674942,-2.72872996,9.7,"53,344","55,713","52,009","37,211","14,240","1,124","4,473",53.72674942,-2.72872996
154,E07000127,West Lancashire,28546,35323,3.2,"53,840","56,845","52,675","36,226","14,800","1,604","5,380",53.61280823,-2.8689301,3.2,"53,840","56,845","52,675","36,226","14,800","1,604","5,380",53.61280823,-2.8689301
155,E07000128,Wyre,22816,40163,3.8,"52,225","55,524","46,601","36,224","17,189","1,791","5,944",53.89990997,-2.80462003,3.8,"52,225","55,524","46,601","36,224","17,189","1,791","5,944",53.89990997,-2.80462003
156,E08000001,Bolton,57589,80491,19.8,"136,660","140,126","125,548","93,765","39,139","3,869","14,465",53.58449173,-2.47952008,19.8,"136,660","140,126","125,548","93,765","39,139","3,869","14,465",53.58449173,-2.47952008
157,E08000002,Bury,46354,54674,18.6,"90,588","94,472","87,128","61,634","25,430","2,329","8,539",53.5931015,-2.30879998,18.6,"90,588","94,472","87,128","61,634","25,430","2,329","8,539",53.5931015,-2.30879998
158,E08000003,Manchester,121823,79991,43.5,"252,623","250,504","245,334","159,452","62,651","8,676","27,014",53.47008896,-2.23358989,43.5,"252,623","250,504","245,334","159,452","62,651","8,676","27,014",53.47008896,-2.23358989
159,E08000004,Oldham,42034,65369,15.8,"110,155","114,742","101,526","74,987","32,778","3,427","12,179",53.55767822,-2.0527401000000003,15.8,"110,155","114,742","101,526","74,987","32,778","3,427","12,179",53.55767822,-2.0527401000000003
160,E08000005,Rochdale,41217,62014,13.4,"103,642","108,057","94,233","70,158","31,303","3,552","12,453",53.60741043,-2.14784002,13.4,"103,642","108,057","94,233","70,158","31,303","3,552","12,453",53.60741043,-2.14784002
161,E08000006,Salford,47430,62385,24.1,"116,782","117,151","107,689","75,685","32,849","3,969","13,741",53.47927094,-2.38485003,24.1,"116,782","117,151","107,689","75,685","32,849","3,969","13,741",53.47927094,-2.38485003
162,E08000007,Stockport,85559,77930,22.5,"138,400","144,875","135,500","94,251","37,601","3,418","12,505",53.39115906,-2.12467003,22.5,"138,400","144,875","135,500","94,251","37,601","3,418","12,505",53.39115906,-2.12467003
163,E08000008,Tameside,43118,67829,21.3,"107,650","111,674","96,404","73,918","33,009","3,501","12,492",53.47866821,-2.0769999,21.3,"107,650","111,674","96,404","73,918","33,009","3,501","12,492",53.47866821,-2.0769999
164,E08000009,Trafford,72293,53018,21.4,"110,959","115,619","115,496","71,694","27,549","2,566","9,273",53.416709899999994,-2.36572003,21.4,"110,959","115,619","115,496","71,694","27,549","2,566","9,273",53.416709899999994,-2.36572003
165,E08000010,Wigan,58942,104331,16.9,"157,996","159,853","144,283","103,934","46,797","4,723","18,112",53.51445007,-2.57246995,16.9,"157,996","159,853","144,283","103,934","46,797","4,723","18,112",53.51445007,-2.57246995
166,E08000011,Knowsley,34345,36558,16.9,"69,329","76,564","67,153","43,505","21,420","3,184","10,631",53.43788147,-2.8329699,16.9,"69,329","76,564","67,153","43,505","21,420","3,184","10,631",53.43788147,-2.8329699
167,E08000012,Liverpool,118453,85101,41.7,"230,483","235,932","217,977","142,132","65,422","9,722","31,162",53.40829849,-2.91364002,41.7,"230,483","235,932","217,977","142,132","65,422","9,722","31,162",53.40829849,-2.91364002
168,E08000013,St. Helens,39322,54357,12.9,"86,138","89,170","78,620","55,983","26,198","3,143","11,364",53.45861816,-2.70309997,12.9,"86,138","89,170","78,620","55,983","26,198","3,143","11,364",53.45861816,-2.70309997
169,E08000014,Sefton,76702,71176,17.9,"131,237","142,553","124,069","89,115","40,620","4,437","15,549",53.48210144,-2.99203992,17.9,"131,237","142,553","124,069","89,115","40,620","4,437","15,549",53.48210144,-2.99203992
170,E08000015,Wirral,88931,83069,20.4,"153,847","165,936","148,028","102,085","45,687","5,535","18,448",53.37453842,-3.06502008,20.4,"153,847","165,936","148,028","102,085","45,687","5,535","18,448",53.37453842,-3.06502008
171,N92000002,Northern Ireland,440707,349442,,,,,,,,,,,,,,,,,,,,
172,S12000005,Clackmannanshire,14691,10736,3.2,"25,109","26,333","26,060","15,929","6,542",639,"2,272",56.14723969,-3.7534398999999996,3.2,"25,109","26,333","26,060","15,929","6,542",639,"2,272",56.14723969,-3.7534398999999996
173,S12000006,Dumfries and Galloway,43864,38803,0.2,"73,405","77,919","74,278","47,579","20,958","1,986","6,523",55.09621811,-4.02862978,0.2,"73,405","77,919","74,278","47,579","20,958","1,986","6,523",55.09621811,-4.02862978
174,S12000008,East Ayrshire,33891,23942,1.0,"59,389","63,378","61,156","36,681","16,678","1,992","6,260",55.49673843,-4.29056978,1.0,"59,389","63,378","61,156","36,681","16,678","1,992","6,260",55.49673843,-4.29056978
175,S12000010,East Lothian,36026,19738,1.5,"47,873","51,844","54,423","29,285","11,333","1,143","3,533",55.94207001,-2.72434998,1.5,"47,873","51,844","54,423","29,285","11,333","1,143","3,533",55.94207001,-2.72434998
176,S12000011,East Renfrewshire,39345,13596,5.2,"43,165","47,409","53,229","24,282","9,232",888,"2,943",55.74868011,-4.36059999,5.2,"43,165","47,409","53,229","24,282","9,232",888,"2,943",55.74868011,-4.36059999
177,S12000013,Eilean Siar,8232,6671,0.1,"13,668","14,016","14,898","7,722","3,756",326,982,58.19937897,-6.65721989,0.1,"13,668","14,016","14,898","7,722","3,756",326,982,58.19937897,-6.65721989
178,S12000014,Falkirk,44987,34271,5.3,"76,150","79,840","78,960","48,591","19,825","1,890","6,724",55.99604034,-3.77060008,5.3,"76,150","79,840","78,960","48,591","19,825","1,890","6,724",55.99604034,-3.77060008
179,S12000015,Fife,106754,75466,2.8,"176,943","188,255","185,567","113,324","46,877","4,265","15,165",56.23117065,-2.98235011,2.8,"176,943","188,255","185,567","113,324","46,877","4,265","15,165",56.23117065,-2.98235011
180,S12000017,Highland,70308,55349,0.1,"113,471","118,661","125,630","69,406","26,942","2,349","7,805",57.586689,-4.66091013,0.1,"113,471","118,661","125,630","69,406","26,942","2,349","7,805",57.586689,-4.66091013
181,S12000018,Inverclyde,24688,14010,5.1,"38,999","42,486","41,063","23,187","11,186","1,494","4,555",55.90034866,-4.75387001,5.1,"38,999","42,486","41,063","23,187","11,186","1,494","4,555",55.90034866,-4.75387001
182,S12000019,Midlothian,28217,17251,2.4,"40,071","43,116","44,006","24,959","9,978",974,"3,270",55.82110977,-3.1173799,2.4,"40,071","43,116","44,006","24,959","9,978",974,"3,270",55.82110977,-3.1173799
183,S12000020,Moray,24114,23992,0.4,"45,941","47,354","50,063","29,222","10,384",874,"2,752",57.47682953,-3.20186996,0.4,"45,941","47,354","50,063","29,222","10,384",874,"2,752",57.47682953,-3.20186996
184,S12000021,North Ayrshire,38394,29110,1.6,"65,804","72,342","67,602","41,939","19,234","2,204","7,167",55.72787857,-4.7247901,1.6,"65,804","72,342","67,602","41,939","19,234","2,204","7,167",55.72787857,-4.7247901
185,S12000023,Orkney Islands,7189,4193,0.2,"10,566","10,783","11,555","6,904","2,176",203,511,58.943340299999996,-2.90028,0.2,"10,566","10,783","11,555","6,904","2,176",203,511,58.943340299999996,-2.90028
186,S12000024,Perth and Kinross,49641,31614,0.3,"71,443","75,209","80,111","45,072","15,499","1,502","4,468",56.57529068,-3.88479996,0.3,"71,443","75,209","80,111","45,072","15,499","1,502","4,468",56.57529068,-3.88479996
187,S12000026,Scottish Borders,37952,26962,0.2,"55,160","58,710","60,489","35,271","13,325","1,040","3,745",55.52593994,-2.85865998,0.2,"55,160","58,710","60,489","35,271","13,325","1,040","3,745",55.52593994,-2.85865998
188,S12000027,Shetland Islands,6907,5315,0.2,"11,761","11,406","12,653","7,187","2,536",178,613,60.50495148,-1.37344003,0.2,"11,761","11,406","12,653","7,187","2,536",178,613,60.50495148,-1.37344003
189,S12000028,South Ayrshire,36265,25241,0.9,"53,732","59,067","57,312","34,008","14,961","1,556","4,962",55.23006821,-4.72901011,0.9,"53,732","59,067","57,312","34,008","14,961","1,556","4,962",55.23006821,-4.72901011
190,S12000029,South Lanarkshire,102568,60024,1.8,"150,858","162,972","161,017","91,365","41,034","4,791","15,623",55.60453033,-3.83272004,1.8,"150,858","162,972","161,017","91,365","41,034","4,791","15,623",55.60453033,-3.83272004
191,S12000030,Stirling,33112,15787,0.4,"43,240","47,007","50,341","26,124","9,709",942,"3,131",56.24953079,-4.32595015,0.4,"43,240","47,007","50,341","26,124","9,709",942,"3,131",56.24953079,-4.32595015
192,S12000033,Aberdeen City,63985,40729,12.0,"110,122","112,671","120,881","69,997","23,263","1,956","6,696",57.1669693,-2.20397997,12.0,"110,122","112,671","120,881","69,997","23,263","1,956","6,696",57.1669693,-2.20397997
193,S12000034,Aberdeenshire,76445,62516,0.4,"125,269","127,704","140,240","79,658","25,014","1,791","6,270",57.23468018,-2.79204988,0.4,"125,269","127,704","140,240","79,658","25,014","1,791","6,270",57.23468018,-2.79204988
194,S12000035,Argyll and Bute,29494,19202,0.1,"43,140","45,026","45,463","27,123","11,225",982,"3,373",56.28942871,-5.22113991,0.1,"43,140","45,026","45,463","27,123","11,225",982,"3,373",56.28942871,-5.22113991
195,S12000036,City of Edinburgh,187796,64498,18.1,"232,364","244,262","274,520","135,937","46,505","4,718","14,946",55.91119003,-3.27825999,18.1,"232,364","244,262","274,520","135,937","46,505","4,718","14,946",55.91119003,-3.27825999
196,S12000038,Renfrewshire,57119,31010,6.7,"84,109","90,799","90,014","51,118","22,802","2,657","8,317",55.84862137,-4.56833982,6.7,"84,109","90,799","90,014","51,118","22,802","2,657","8,317",55.84862137,-4.56833982
197,S12000039,West Dunbartonshire,26794,16426,5.7,"43,183","47,537","43,710","26,887","12,957","1,649","5,517",56.00141144,-4.52074003,5.7,"43,183","47,537","43,710","26,887","12,957","1,649","5,517",56.00141144,-4.52074003
198,S12000040,West Lothian,51560,36948,4.1,"85,556","89,562","94,027","51,506","20,426","2,056","7,103",55.89920044,-3.60909009,4.1,"85,556","89,562","94,027","51,506","20,426","2,056","7,103",55.89920044,-3.60909009
199,S12000041,Angus,32747,26511,0.5,"56,206","59,772","60,413","37,120","13,302","1,194","3,949",56.72480011,-2.89189005,0.5,"56,206","59,772","60,413","37,120","13,302","1,194","3,949",56.72480011,-2.89189005
200,S12000042,Dundee City,39688,26697,24.6,"70,706","76,562","75,918","44,382","18,027","2,210","6,731",56.477600100000004,-2.97094989,24.6,"70,706","76,562","75,918","44,382","18,027","2,210","6,731",56.477600100000004,-2.97094989
201,S12000044,North Lanarkshire,95549,59400,7.2,"163,382","174,345","171,224","96,104","45,852","5,971","18,576",55.86814117,-3.95140004,7.2,"163,382","174,345","171,224","96,104","45,852","5,971","18,576",55.86814117,-3.95140004
202,S12000045,East Dunbartonshire,44534,17840,6.0,"50,583","54,443","59,459","29,699","11,371","1,045","3,452",55.958290100000006,-4.22417021,6.0,"50,583","54,443","59,459","29,699","11,371","1,045","3,452",55.958290100000006,-4.22417021
203,S12000046,Glasgow City,168335,84474,,,,,,,,,55.87649155,-4.21478987,,,,,,,,,55.87649155,-4.21478987
204,E06000035,Medway,49889,88997,13.7,"130,825","133,100","120,662","95,679","34,307","2,889","10,388",51.44770813,0.5631729999999999,13.7,"130,825","133,100","120,662","95,679","34,307","2,889","10,388",51.44770813,0.5631729999999999
205,E06000036,Bracknell Forest,29888,35002,10.3,"56,107","57,098","59,320","38,814","11,394",818,"2,859",51.41130066,-0.73363,10.3,"56,107","57,098","59,320","38,814","11,394",818,"2,859",51.41130066,-0.73363
206,E06000037,West Berkshire,48300,44977,2.2,"76,321","77,501","79,432","53,069","16,456","1,047","3,818",51.44559097,-1.27364004,2.2,"76,321","77,501","79,432","53,069","16,456","1,047","3,818",51.44559097,-1.27364004
207,E06000038,Reading,43385,31382,38.5,"77,967","77,731","78,169","54,913","16,770","1,256","4,590",51.45301819,-0.99071002,38.5,"77,967","77,731","78,169","54,913","16,770","1,256","4,590",51.45301819,-0.99071002
208,E06000039,Slough,24911,29631,43.1,"70,120","70,085","67,156","50,464","16,288","1,391","4,906",51.50350189,-0.57617003,43.1,"70,120","70,085","67,156","50,464","16,288","1,391","4,906",51.50350189,-0.57617003
209,E06000040,Windsor and Maidenhead,44086,37706,7.4,"71,328","73,232","78,802","46,571","14,234","1,081","3,872",51.48033905,-0.67540997,7.4,"71,328","73,232","78,802","46,571","14,234","1,081","3,872",51.48033905,-0.67540997
210,E06000041,Wokingham,55272,42229,8.6,"76,464","77,916","83,759","51,808","14,566",937,"3,310",51.42295837,-0.89934999,8.6,"76,464","77,916","83,759","51,808","14,566",937,"3,310",51.42295837,-0.89934999
211,E06000042,Milton Keynes,63393,67063,8.1,"123,116","125,705","124,826","86,778","26,929","2,333","7,955",52.07241058,-0.74070001,8.1,"123,116","125,705","124,826","86,778","26,929","2,333","7,955",52.07241058,-0.74070001
212,E06000043,Brighton and Hove,100648,46027,33.1,"136,108","137,261","134,673","91,970","32,298","3,277","11,151",50.84648895,-0.15079001,33.1,"136,108","137,261","134,673","91,970","32,298","3,277","11,151",50.84648895,-0.15079001
213,E06000044,Portsmouth,41384,57336,50.7,"103,201","101,855","97,795","71,443","25,464","2,359","7,995",50.80804825,-1.07023001,50.7,"103,201","101,855","97,795","71,443","25,464","2,359","7,995",50.80804825,-1.07023001
214,E06000045,Southampton,49738,57927,47.5,"119,453","117,429","112,653","82,880","29,278","2,848","9,223",50.92037964,-1.40024996,47.5,"119,453","117,429","112,653","82,880","29,278","2,848","9,223",50.92037964,-1.40024996
215,E06000046,Isle of Wight,30207,49173,3.6,"67,424","70,841","56,420","50,514","22,378","2,032","6,921",50.67129898,-1.33361995,3.6,"67,424","70,841","56,420","50,514","22,378","2,032","6,921",50.67129898,-1.33361995
216,E07000004,Aylesbury Vale,52877,53956,1.9,"86,241","87,896","89,515","59,530","19,073","1,358","4,661",51.90037918,-0.87746,1.9,"86,241","87,896","89,515","59,530","19,073","1,358","4,661",51.90037918,-0.87746
217,E07000005,Chiltern,32241,26363,4.7,"45,049","47,586","49,848","30,368","9,433",652,"2,334",51.67890167,-0.62111998,4.7,"45,049","47,586","49,848","30,368","9,433",652,"2,334",51.67890167,-0.62111998
218,E07000006,South Bucks,20077,20647,4.7,"32,439","34,428","35,055","22,267","7,025",561,"1,959",51.55944061,-0.5848399999999999,4.7,"32,439","34,428","35,055","22,267","7,025",561,"1,959",51.55944061,-0.5848399999999999
219,E07000007,Wycombe,49261,45529,5.3,"84,617","87,027","88,483","58,721","18,456","1,331","4,653",51.66619873,-0.80883002,5.3,"84,617","87,027","88,483","58,721","18,456","1,331","4,653",51.66619873,-0.80883002
220,E07000061,Eastbourne,22845,30700,22.5,"47,559","51,853","42,818","35,193","15,251","1,438","4,712",50.77413177,0.25869899999999996,22.5,"47,559","51,853","42,818","35,193","15,251","1,438","4,712",50.77413177,0.25869899999999996
221,E07000062,Hastings,20011,24339,30.4,"44,014","46,240","36,556","32,707","14,276","1,556","5,159",50.8676796,0.57942897,30.4,"44,014","46,240","36,556","32,707","14,276","1,556","5,159",50.8676796,0.57942897
222,E07000063,Lewes,30974,28508,3.3,"47,363","50,139","43,719","34,634","13,900","1,183","4,066",50.83340836,0.007670999999999999,3.3,"47,363","50,139","43,719","34,634","13,900","1,183","4,066",50.83340836,0.007670999999999999
223,E07000064,Rother,23916,33753,1.8,"43,021","47,567","36,737","33,152","14,960","1,276","4,463",50.94868088,0.543064,1.8,"43,021","47,567","36,737","33,152","14,960","1,276","4,463",50.94868088,0.543064
224,E07000065,Wealden,44084,52808,1.8,"71,807","77,108","70,867","52,009","19,408","1,433","5,198",50.93315887,0.20515300000000003,1.8,"71,807","77,108","70,867","52,009","19,408","1,433","5,198",50.93315887,0.20515300000000003
225,E07000084,Basingstoke and Deane,48257,52071,2.6,"83,116","84,683","85,034","58,917","18,047","1,242","4,559",51.2593689,-1.22020996,2.6,"83,116","84,683","85,034","58,917","18,047","1,242","4,559",51.2593689,-1.22020996
226,E07000085,East Hampshire,37346,36576,2.2,"56,237","59,371","58,330","40,113","12,885",944,"3,336",51.05765152,-0.93971002,2.2,"56,237","59,371","58,330","40,113","12,885",944,"3,336",51.05765152,-0.93971002
227,E07000086,Eastleigh,36172,39902,15.7,"61,384","63,815","61,561","44,190","14,538","1,093","3,817",50.94871902,-1.32942998,15.7,"61,384","63,815","61,561","44,190","14,538","1,093","3,817",50.94871902,-1.32942998
228,E07000087,Fareham,32210,39525,15.0,"54,634","56,947","54,170","39,284","13,638","1,000","3,489",50.85393143,-1.23741996,15.0,"54,634","56,947","54,170","39,284","13,638","1,000","3,489",50.85393143,-1.23741996
229,E07000088,Gosport,16671,29456,32.6,"40,736","41,886","37,447","29,915","11,224",821,"3,215",50.80641174,-1.16725004,32.6,"40,736","41,886","37,447","29,915","11,224",821,"3,215",50.80641174,-1.16725004
230,E07000089,Hart,30282,27513,4.2,"45,174","45,859","50,079","30,120","8,432",511,"1,891",51.28197098,-0.88321,4.2,"45,174","45,859","50,079","30,120","8,432",511,"1,891",51.28197098,-0.88321
231,E07000090,Havant,26582,44047,21.8,"58,607","62,077","53,474","43,275","17,188","1,575","5,172",50.87229919,-1.00399995,21.8,"58,607","62,077","53,474","43,275","17,188","1,575","5,172",50.87229919,-1.00399995
232,E07000091,New Forest,47199,64541,2.3,"84,784","91,678","79,671","63,302","24,871","1,903","6,715",50.85747147,-1.58936,2.3,"84,784","91,678","79,671","63,302","24,871","1,903","6,715",50.85747147,-1.58936
233,E07000092,Rushmoor,20384,28396,24.0,"46,757","47,050","46,970","33,340","10,099",773,"2,625",51.27814865,-0.76806998,24.0,"46,757","47,050","46,970","33,340","10,099",773,"2,625",51.27814865,-0.76806998
234,E07000093,Test Valley,36170,39091,1.9,"56,880","59,518","58,222","40,262","13,530",927,"3,457",51.13417053,-1.50214005,1.9,"56,880","59,518","58,222","40,262","13,530",927,"3,457",51.13417053,-1.50214005
235,E07000094,Winchester,42878,29886,1.8,"56,629","59,966","62,025","38,219","12,354",862,"3,135",51.03002167,-1.24392998,1.8,"56,629","59,966","62,025","38,219","12,354",862,"3,135",51.03002167,-1.24392998
236,E07000105,Ashford,28314,41472,2.0,"57,232","60,724","56,128","41,385","15,027","1,253","4,163",51.13095856,0.82337397,2.0,"57,232","60,724","56,128","41,385","15,027","1,253","4,163",51.13095856,0.82337397
237,E07000106,Canterbury,40169,41879,4.9,"72,638","78,507","70,764","52,338","20,211","1,699","6,133",51.28102875,1.09625697,4.9,"72,638","78,507","70,764","52,338","20,211","1,699","6,133",51.28102875,1.09625697
238,E07000107,Dartford,19985,35870,13.4,"48,061","49,304","47,273","33,941","11,837","1,000","3,314",51.43373108,0.24527600000000002,13.4,"48,061","49,304","47,273","33,941","11,837","1,000","3,314",51.43373108,0.24527600000000002
239,E07000108,Dover,24606,40410,3.5,"54,765","56,909","48,433","39,477","16,745","1,481","5,538",51.21173859,1.27692902,3.5,"54,765","56,909","48,433","39,477","16,745","1,481","5,538",51.21173859,1.27692902
240,E07000109,Gravesham,18876,35643,10.3,"50,139","51,581","47,298","35,572","13,629","1,117","4,104",51.39649963,0.39874399,10.3,"50,139","51,581","47,298","35,572","13,629","1,117","4,104",51.39649963,0.39874399
241,E07000110,Maidstone,36762,52365,3.9,"76,492","78,651","74,636","54,384","19,291","1,509","5,323",51.23566055,0.58406103,3.9,"76,492","78,651","74,636","54,384","19,291","1,509","5,323",51.23566055,0.58406103
242,E07000111,Sevenoaks,32091,38258,3.1,"55,743","59,150","58,796","38,344","13,180","1,004","3,569",51.27563095,0.188936,3.1,"55,743","59,150","58,796","38,344","13,180","1,004","3,569",51.27563095,0.188936
243,E07000112,Shepway,22884,37729,3.0,"53,135","54,834","45,577","38,999","16,465","1,607","5,321",51.07215118,1.00079596,3.0,"53,135","54,834","45,577","38,999","16,465","1,607","5,321",51.07215118,1.00079596
244,E07000113,Swale,28481,47388,3.6,"67,152","68,683","60,198","48,719","19,118","1,792","6,008",51.32387161,0.77952999,3.6,"67,152","68,683","60,198","48,719","19,118","1,792","6,008",51.32387161,0.77952999
245,E07000114,Thanet,26065,46037,13.0,"64,555","69,631","54,640","47,109","22,377","2,275","7,785",51.35253143,1.32829797,13.0,"64,555","69,631","54,640","47,109","22,377","2,275","7,785",51.35253143,1.32829797
246,E07000115,Tonbridge and Malling,32792,41229,5.0,"59,207","61,598","60,306","41,475","14,263","1,033","3,728",51.26063919,0.34930599,5.0,"59,207","61,598","60,306","41,475","14,263","1,033","3,728",51.26063919,0.34930599
247,E07000116,Tunbridge Wells,35676,29320,3.5,"56,494","58,555","59,156","38,656","12,788",899,"3,550",51.10253906,0.471632,3.5,"56,494","58,555","59,156","38,656","12,788",899,"3,550",51.10253906,0.471632
248,E07000177,Cherwell,40668,41168,2.4,"70,126","71,742","71,403","49,163","15,844","1,197","4,261",51.8871994,-1.28506005,2.4,"70,126","71,742","71,403","49,163","15,844","1,197","4,261",51.8871994,-1.28506005
249,E07000178,Oxford,49424,20913,33.3,"75,335","76,571","83,904","48,201","14,320","1,292","4,189",51.75357056,-1.24405003,33.3,"75,335","76,571","83,904","48,201","14,320","1,292","4,189",51.75357056,-1.24405003
250,E07000179,South Oxfordshire,46245,37865,2.0,"66,005","68,252","70,571","44,779","14,409",981,"3,517",51.62287903,-1.07846999,2.0,"66,005","68,252","70,571","44,779","14,409",981,"3,517",51.62287903,-1.07846999
251,E07000180,Vale of White Horse,43462,33192,2.1,"60,058","60,930","62,738","41,117","13,063",907,"3,163",51.65443039,-1.48543,2.1,"60,058","60,930","62,738","41,117","13,063",907,"3,163",51.65443039,-1.48543
252,E07000181,West Oxfordshire,35236,30435,1.5,"51,447","53,332","53,984","35,438","11,685",730,"2,942",51.83990097,-1.50292003,1.5,"51,447","53,332","53,984","35,438","11,685",730,"2,942",51.83990097,-1.50292003
253,E07000207,Elmbridge,45841,31162,13.8,"63,462","67,413","73,880","40,555","12,360",867,"3,213",51.36098099,-0.39441001,13.8,"63,462","67,413","73,880","40,555","12,360",867,"3,213",51.36098099,-0.39441001
254,E07000208,Epsom and Ewell,23596,21707,22.0,"36,412","38,690","39,208","25,355","7,988",535,"2,016",51.33945084,-0.26172,22.0,"36,412","38,690","39,208","25,355","7,988",535,"2,016",51.33945084,-0.26172
255,E07000209,Guildford,44155,34458,5.1,"67,923","69,260","73,969","45,445","13,442",925,"3,402",51.25365829,-0.56256998,5.1,"67,923","69,260","73,969","45,445","13,442",925,"3,402",51.25365829,-0.56256998
256,E07000210,Mole Valley,29088,25708,3.3,"41,749","43,626","43,926","28,801","9,607",604,"2,437",51.22748947,-0.30603001,3.3,"41,749","43,626","43,926","28,801","9,607",604,"2,437",51.22748947,-0.30603001
257,E07000211,Reigate and Banstead,40181,40980,10.7,"67,422","70,413","71,052","46,908","14,866","1,165","3,844",51.258461,-0.19870999,10.7,"67,422","70,413","71,052","46,908","14,866","1,165","3,844",51.258461,-0.19870999
258,E07000212,Runnymede,20259,24035,10.3,"39,148","41,362","41,319","27,451","8,767",602,"2,371",51.39273071,-0.53855002,10.3,"39,148","41,362","41,319","27,451","8,767",602,"2,371",51.39273071,-0.53855002
259,E07000213,Spelthorne,22474,34135,21.3,"47,053","48,545","45,929","34,239","11,509",836,"3,085",51.41551971,-0.46253999999999995,21.3,"47,053","48,545","45,929","34,239","11,509",836,"3,085",51.41551971,-0.46253999999999995
260,E07000214,Surrey Heath,25638,26667,9.1,"42,868","43,276","46,062","28,683","8,613",638,"2,148",51.33610153,-0.68985999,9.1,"42,868","43,276","46,062","28,683","8,613",638,"2,148",51.33610153,-0.68985999
261,E07000215,Tandridge,24251,27169,3.3,"40,158","42,840","41,916","28,514","9,450",715,"2,403",51.23580933,-0.04805,3.3,"40,158","42,840","41,916","28,514","9,450",715,"2,403",51.23580933,-0.04805
262,E07000216,Waverley,44341,31601,3.5,"59,326","62,246","65,068","39,777","12,768",881,"3,078",51.15686035,-0.62343001,3.5,"59,326","62,246","65,068","39,777","12,768",881,"3,078",51.15686035,-0.62343001
263,E07000217,Woking,31007,24214,15.6,"49,144","50,054","51,360","34,291","10,184",761,"2,602",51.30836868,-0.57981998,15.6,"49,144","50,054","51,360","34,291","10,184",761,"2,602",51.30836868,-0.57981998
264,E07000223,Adur,16914,20315,14.6,"29,513","31,669","26,107","22,373","9,181",764,"2,757",50.84572983,-0.32433,14.6,"29,513","31,669","26,107","22,373","9,181",764,"2,757",50.84572983,-0.32433
265,E07000224,Arun,34193,56936,6.8,"71,303","78,215","62,774","54,975","23,299","1,862","6,608",50.84320831,-0.64998001,6.8,"71,303","78,215","62,774","54,975","23,299","1,862","6,608",50.84320831,-0.64998001
266,E07000225,Chichester,35011,36326,1.4,"54,401","59,393","54,210","39,771","14,900","1,091","3,822",50.94176865,-0.71630001,1.4,"54,401","59,393","54,210","39,771","14,900","1,091","3,822",50.94176865,-0.71630001
267,E07000226,Crawley,22388,31447,23.7,"52,698","53,899","50,751","38,279","12,856","1,032","3,679",51.12356949,-0.19532999,23.7,"52,698","53,899","50,751","38,279","12,856","1,032","3,679",51.12356949,-0.19532999
268,E07000227,Horsham,43785,41303,2.5,"63,806","67,495","66,403","45,684","14,580","1,074","3,560",51.00270844,-0.38123,2.5,"63,806","67,495","66,403","45,684","14,580","1,074","3,560",51.00270844,-0.38123
269,E07000228,Mid Sussex,46471,41057,4.2,"68,462","71,398","72,448","47,524","14,938","1,086","3,864",51.05952835,-0.10272,4.2,"68,462","71,398","72,448","47,524","14,938","1,086","3,864",51.05952835,-0.10272
270,E07000229,Worthing,28851,32515,32.2,"50,384","54,256","46,272","37,777","15,082","1,154","4,355",50.83309937,-0.40126999999999996,32.2,"50,384","54,256","46,272","37,777","15,082","1,154","4,355",50.83309937,-0.40126999999999996
271,E06000022,Bath and North East Somerset,60878,44352,5.1,"86,072","89,944","88,882","58,849","20,856","1,598","5,831",51.35604095,-2.48654008,5.1,"86,072","89,944","88,882","58,849","20,856","1,598","5,831",51.35604095,-2.48654008
272,E06000023,"Bristol, City of",141027,87418,39.1,"213,071","215,163","209,024","143,283","52,446","5,425","18,056",51.47114944,-2.57742,39.1,"213,071","215,163","209,024","143,283","52,446","5,425","18,056",51.47114944,-2.57742
273,E06000024,North Somerset,59572,64976,5.4,"98,463","104,103","93,803","70,435","27,670","2,382","8,276",51.39707184,-2.7543900000000003,5.4,"98,463","104,103","93,803","70,435","27,670","2,382","8,276",51.39707184,-2.7543900000000003
274,E06000025,South Gloucestershire,74928,83405,5.3,"130,424","132,343","129,141","91,675","30,940","2,455","8,556",51.54671097,-2.46921992,5.3,"130,424","132,343","129,141","91,675","30,940","2,455","8,556",51.54671097,-2.46921992
275,E06000026,Plymouth,53458,79997,32.1,"126,684","129,700","117,976","85,956","35,756","3,684","13,012",50.40494156,-4.1129899,32.1,"126,684","129,700","117,976","85,956","35,756","3,684","13,012",50.40494156,-4.1129899
276,E06000027,Torbay,27935,47889,20.8,"63,110","67,849","54,614","45,098","21,355","2,267","7,625",50.4708786,-3.5552299,20.8,"63,110","67,849","54,614","45,098","21,355","2,267","7,625",50.4708786,-3.5552299
277,E06000028,Bournemouth,41473,50453,39.7,"91,386","92,105","84,955","63,260","24,866","2,401","8,009",50.74486160000001,-1.85863996,39.7,"91,386","92,105","84,955","63,260","24,866","2,401","8,009",50.74486160000001,-1.85863996
278,E06000029,Poole,35741,49707,22.8,"72,121","75,524","68,689","51,486","19,849","1,780","5,841",50.74077988,-1.95326996,22.8,"72,121","75,524","68,689","51,486","19,849","1,780","5,841",50.74077988,-1.95326996
279,E06000030,Swindon,51220,61745,9.1,"104,618","104,538","100,931","73,591","25,056","2,022","7,556",51.57762909,-1.73367,9.1,"104,618","104,538","100,931","73,591","25,056","2,022","7,556",51.57762909,-1.73367
280,E06000052,Cornwall,140540,182665,1.5,"257,805","274,468","240,759","178,805","79,181","7,621","25,907",50.45022964,-4.64248991,1.5,"257,805","274,468","240,759","178,805","79,181","7,621","25,907",50.45022964,-4.64248991
281,E06000053,Isles of Scilly,803,621,1.3,"1,102","1,101","1,135",754,248,13,53,49.92332077,-6.3021698,1.3,"1,102","1,101","1,135",754,248,13,53,49.92332077,-6.3021698
282,E06000054,Wiltshire,137258,151637,1.4,"231,754","239,227","234,318","160,362","57,221","4,106","14,974",51.32883072,-1.92660999,1.4,"231,754","239,227","234,318","160,362","57,221","4,106","14,974",51.32883072,-1.92660999
283,E07000040,East Devon,40743,48040,1.6,"63,321","69,136","58,004","47,716","19,960","1,492","5,285",50.75764847,-3.22380996,1.6,"63,321","69,136","58,004","47,716","19,960","1,492","5,285",50.75764847,-3.22380996
284,E07000041,Exeter,35270,28533,25.0,"57,211","60,562","58,775","39,301","14,075","1,291","4,331",50.71780014,-3.51372004,25.0,"57,211","60,562","58,775","39,301","14,075","1,291","4,331",50.71780014,-3.51372004
285,E07000042,Mid Devon,22400,25606,0.9,"38,070","39,680","36,263","27,554","10,398",750,"2,785",50.86882019,-3.59211993,0.9,"38,070","39,680","36,263","27,554","10,398",750,"2,785",50.86882019,-3.59211993
286,E07000043,North Devon,24931,33100,0.9,"45,558","48,109","43,441","31,704","13,264","1,194","4,064",51.07612991,-3.92690992,0.9,"45,558","48,109","43,441","31,704","13,264","1,194","4,064",51.07612991,-3.92690992
287,E07000044,South Hams,29308,26142,0.9,"40,116","43,024","39,414","28,574","11,075",921,"3,156",50.37192154,-3.81994009,0.9,"40,116","43,024","39,414","28,574","11,075",921,"3,156",50.37192154,-3.81994009
288,E07000045,Teignbridge,37949,44363,1.8,"60,179","64,041","55,819","43,342","18,237","1,554","5,268",50.61019897,-3.65395999,1.8,"60,179","64,041","55,819","43,342","18,237","1,554","5,268",50.61019897,-3.65395999
289,E07000046,Torridge,16229,25200,0.6,"31,167","32,672","27,787","22,242","9,843",839,"3,128",50.90802002,-4.21730995,0.6,"31,167","32,672","27,787","22,242","9,843",839,"3,128",50.90802002,-4.21730995
290,E07000047,West Devon,16658,18937,0.5,"26,123","27,430","24,556","18,599","7,646",632,"2,120",50.66487885,-4.03356981,0.5,"26,123","27,430","24,556","18,599","7,646",632,"2,120",50.66487885,-4.03356981
291,E07000048,Christchurch,12782,18268,9.5,"22,874","24,878","20,203","17,116","7,681",544,"2,208",50.76625061,-1.81570005,9.5,"22,874","24,878","20,203","17,116","7,681",544,"2,208",50.76625061,-1.81570005
292,E07000049,East Dorset,24786,33702,2.5,"41,990","45,176","39,505","31,183","12,436",880,"3,162",50.889171600000005,-1.97739995,2.5,"41,990","45,176","39,505","31,183","12,436",880,"3,162",50.889171600000005,-1.97739995
293,E07000050,North Dorset,18399,23802,1.1,"34,216","34,367","32,782","24,146","8,808",581,"2,266",50.91981888,-2.26037002,1.1,"34,216","34,367","32,782","24,146","8,808",581,"2,266",50.91981888,-2.26037002
294,E07000051,Purbeck,11754,16966,1.1,"22,028","22,945","20,231","16,148","6,340",472,"1,782",50.69445038,-2.12617993,1.1,"22,028","22,945","20,231","16,148","6,340",472,"1,782",50.69445038,-2.12617993
295,E07000052,West Dorset,31924,33267,0.9,"47,731","51,533","44,070","35,640","14,604","1,072","3,878",50.79497147,-2.60061002,0.9,"47,731","51,533","44,070","35,640","14,604","1,072","3,878",50.79497147,-2.60061002
296,E07000053,Weymouth and Portland,14903,23352,15.6,"32,432","32,735","27,562","23,933","9,802",918,"2,952",50.63240051,-2.45133996,15.6,"32,432","32,735","27,562","23,933","9,802",918,"2,952",50.63240051,-2.45133996
297,E07000078,Cheltenham,37081,28932,24.8,"56,512","59,220","57,758","39,722","13,631",984,"3,637",51.89860916,-2.07515001,24.8,"56,512","59,220","57,758","39,722","13,631",984,"3,637",51.89860916,-2.07515001
298,E07000079,Cotswold,28015,26806,0.7,"40,104","42,777","40,433","29,067","10,220",663,"2,498",51.77254868,-1.97059,0.7,"40,104","42,777","40,433","29,067","10,220",663,"2,498",51.77254868,-1.97059
299,E07000080,Forest of Dean,21392,30251,1.6,"40,272","41,689","36,281","29,340","11,879",926,"3,535",51.81248856,-2.47755003,1.6,"40,272","41,689","36,281","29,340","11,879",926,"3,535",51.81248856,-2.47755003
300,E07000081,Gloucester,26801,37776,30.0,"60,104","61,584","56,655","43,150","15,933","1,334","4,616",51.84640884,-2.23263001,30.0,"60,104","61,584","56,655","43,150","15,933","1,334","4,616",51.84640884,-2.23263001
301,E07000082,Stroud,40446,33618,2.4,"55,514","57,265","53,779","39,711","14,441","1,065","3,783",51.72000885,-2.30819988,2.4,"55,514","57,265","53,779","39,711","14,441","1,065","3,783",51.72000885,-2.30819988
302,E07000083,Tewkesbury,25084,28568,2.0,"40,080","41,863","39,036","29,183","10,213",808,"2,703",51.93484879,-2.19998002,2.0,"40,080","41,863","39,036","29,183","10,213",808,"2,703",51.93484879,-2.19998002
303,E07000187,Mendip,33427,32028,1.5,"53,387","55,892","51,153","38,270","14,619","1,100","4,137",51.19475937,-2.54177999,1.5,"53,387","55,892","51,153","38,270","14,619","1,100","4,137",51.19475937,-2.54177999
304,E07000188,Sedgemoor,26545,41869,2.0,"56,048","58,540","51,044","40,291","16,930","1,329","4,994",51.19184875,-2.88250995,2.0,"56,048","58,540","51,044","40,291","16,930","1,329","4,994",51.19184875,-2.88250995
305,E07000189,South Somerset,42527,56940,1.7,"79,106","82,137","73,277","57,906","22,282","1,663","6,115",50.98398972,-2.7758800999999997,1.7,"79,106","82,137","73,277","57,906","22,282","1,663","6,115",50.98398972,-2.7758800999999997
306,E07000190,Taunton Deane,30944,34789,2.4,"53,280","56,907","51,946","38,014","14,854","1,148","4,225",51.00479126,-3.16542006,2.4,"53,280","56,907","51,946","38,014","14,854","1,148","4,225",51.00479126,-3.16542006
307,E07000191,West Somerset,8566,13168,0.5,"16,575","18,100","14,080","12,620","5,741",478,"1,756",51.11989975,-3.50494003,0.5,"16,575","18,100","14,080","12,620","5,741",478,"1,756",51.11989975,-3.50494003
308,GI,Gibraltar,19322,823,,,,,,,,,,,,,,,,,,,,
309,W06000001,Isle of Anglesey,18618,19333,1.0,"34,274","35,477","33,492","21,309","10,541",996,"3,413",53.27944946,-4.32290983,1.0,"34,274","35,477","33,492","21,309","10,541",996,"3,413",53.27944946,-4.32290983
310,W06000002,Gwynedd,35517,25665,0.5,"59,906","61,968","61,396","37,383","16,593","1,504","4,998",52.89825821,-3.8155899,0.5,"59,906","61,968","61,396","37,383","16,593","1,504","4,998",52.89825821,-3.8155899
311,W06000003,Conwy,30147,35357,1.0,"55,749","59,479","52,335","36,977","17,874","1,805","6,237",53.14738846,-3.74645996,1.0,"55,749","59,479","52,335","36,977","17,874","1,805","6,237",53.14738846,-3.74645996
312,W06000004,Denbighshire,23955,28117,1.1,"45,987","47,747","43,690","29,420","13,770","1,513","5,341",53.08832932,-3.34761,1.1,"45,987","47,747","43,690","29,420","13,770","1,513","5,341",53.08832932,-3.34761
313,W06000005,Flintshire,37867,48930,3.5,"75,247","77,259","74,216","49,498","20,114","1,904","6,774",53.21498108,-3.17604995,3.5,"75,247","77,259","74,216","49,498","20,114","1,904","6,774",53.21498108,-3.17604995
314,W06000006,Wrexham,28822,41544,2.7,"67,052","67,792","63,642","43,813","19,009","1,849","6,531",53.00167084,-2.99202991,2.7,"67,052","67,792","63,642","43,813","19,009","1,849","6,531",53.00167084,-2.99202991
315,W06000008,Ceredigion,21711,18031,0.4,"37,793","38,129","35,796","24,369","10,946","1,151","3,660",52.29795074,-3.94993997,0.4,"37,793","38,129","35,796","24,369","10,946","1,151","3,660",52.29795074,-3.94993997
316,W06000009,Pembrokeshire,29367,39155,0.8,"59,823","62,616","55,535","39,889","18,684","1,948","6,383",51.85512161,-4.90818024,0.8,"59,823","62,616","55,535","39,889","18,684","1,948","6,383",51.85512161,-4.90818024
317,W06000010,Carmarthenshire,47654,55381,0.8,"89,837","93,940","82,638","55,618","30,011","4,035","11,475",51.89495087,-4.2111000999999995,0.8,"89,837","93,940","82,638","55,618","30,011","4,035","11,475",51.89495087,-4.2111000999999995
318,W06000011,Swansea,58307,61936,6.3,"118,087","120,936","116,295","69,978","33,402","4,875","14,473",51.65805817,-3.96723008,6.3,"118,087","120,936","116,295","69,978","33,402","4,875","14,473",51.65805817,-3.96723008
319,W06000012,Neath Port Talbot,32651,43001,3.2,"68,450","71,362","62,849","39,694","22,640","3,601","11,028",51.64450073,-3.74638009,3.2,"68,450","71,362","62,849","39,694","22,640","3,601","11,028",51.64450073,-3.74638009
320,W06000013,Bridgend,33723,40622,5.6,"68,789","70,389","64,134","41,659","21,002","2,924","9,459",51.56058121,-3.6135900000000003,5.6,"68,789","70,389","64,134","41,659","21,002","2,924","9,459",51.56058121,-3.6135900000000003
321,W06000014,Vale of Glamorgan,36681,35628,3.8,"61,522","64,814","60,656","40,486","17,123","1,880","6,191",51.44837952,-3.39803004,3.8,"61,522","64,814","60,656","40,486","17,123","1,880","6,191",51.44837952,-3.39803004
322,W06000015,Cardiff,101788,67816,24.7,"169,893","176,197","174,329","107,477","42,014","5,525","16,745",51.50254059,-3.22212005,24.7,"169,893","176,197","174,329","107,477","42,014","5,525","16,745",51.50254059,-3.22212005
323,W06000016,Rhondda Cynon Taf,53973,62590,5.5,"114,635","119,775","105,154","69,544","37,208","5,108","17,396",51.62184906,-3.41358995,5.5,"114,635","119,775","105,154","69,544","37,208","5,108","17,396",51.62184906,-3.41358995
324,W06000018,Caerphilly,39178,53295,6.4,"87,701","91,105","79,382","54,272","28,488","3,820","12,844",51.65000916,-3.19753003,6.4,"87,701","91,105","79,382","54,272","28,488","3,820","12,844",51.65000916,-3.19753003
325,W06000019,Blaenau Gwent,13215,21587,6.4,"34,325","35,489","29,269","21,385","11,696","1,772","5,692",51.75363922,-3.18592,6.4,"34,325","35,489","29,269","21,385","11,696","1,772","5,692",51.75363922,-3.18592
326,W06000020,Torfaen,19363,28781,7.2,"44,382","46,693","39,398","29,619","14,155","1,938","5,965",51.69836044,-3.05100989,7.2,"44,382","46,693","39,398","29,619","14,155","1,938","5,965",51.69836044,-3.05100989
327,W06000021,Monmouthshire,28061,27569,1.1,"44,922","46,401","42,365","30,742","12,800","1,243","4,173",51.77827072,-2.90280008,1.1,"44,922","46,401","42,365","30,742","12,800","1,243","4,173",51.77827072,-2.90280008
328,W06000022,Newport,32413,41236,7.6,"71,380","74,356","66,667","47,811","20,538","2,559","8,161",51.58232117,-2.89769006,7.6,"71,380","74,356","66,667","47,811","20,538","2,559","8,161",51.58232117,-2.89769006
329,W06000023,Powys,36762,42707,0.3,"65,683","67,293","59,511","45,459","19,857","1,774","6,375",52.348628999999995,-3.43532991,0.3,"65,683","67,293","59,511","45,459","19,857","1,774","6,375",52.348628999999995,-3.43532991
330,W06000024,Merthyr Tydfil,12574,16291,5.3,"28,791","30,011","25,948","16,961","9,324","1,661","4,908",51.74858093,-3.36424994,5.3,"28,791","30,011","25,948","16,961","9,324","1,661","4,908",51.74858093,-3.36424994
331,E06000019,"Herefordshire, County of",44148,64122,0.8,"90,302","93,175","83,874","64,494","25,517","2,151","7,441",52.08153915,-2.73931003,0.8,"90,302","93,175","83,874","64,494","25,517","2,151","7,441",52.08153915,-2.73931003
332,E06000020,Telford and Wrekin,32954,56649,5.7,"82,549","84,092","76,439","57,198","22,609","2,372","8,023",52.71416855,-2.48940992,5.7,"82,549","84,092","76,439","57,198","22,609","2,372","8,023",52.71416855,-2.48940992
333,E06000021,Stoke-on-Trent,36027,81563,26.6,"123,995","125,013","104,510","86,311","38,179","4,652","15,356",53.01707077,-2.15888,26.6,"123,995","125,013","104,510","86,311","38,179","4,652","15,356",53.01707077,-2.15888
334,E06000051,Shropshire,78987,104166,1.0,"151,606","154,523","142,309","106,909","41,475","3,457","11,979",52.6221199,-2.73667002,1.0,"151,606","154,523","142,309","106,909","41,475","3,457","11,979",52.6221199,-2.73667002
335,E07000192,Cannock Chase,16684,36894,12.4,"48,126","49,336","42,634","34,133","14,091","1,483","5,121",52.70166016,-1.98276997,12.4,"48,126","49,336","42,634","34,133","14,091","1,483","5,121",52.70166016,-1.98276997
336,E07000193,East Staffordshire,22850,39266,2.9,"56,385","57,198","52,094","40,576","15,302","1,234","4,377",52.83650970000001,-1.81438005,2.9,"56,385","57,198","52,094","40,576","15,302","1,234","4,377",52.83650970000001,-1.81438005
337,E07000194,Lichfield,26064,37214,3.0,"49,920","50,734","47,225","35,014","13,259","1,197","3,959",52.69615173,-1.76048994,3.0,"49,920","50,734","47,225","35,014","13,259","1,197","3,959",52.69615173,-1.76048994
338,E07000195,Newcastle-under-Lyme,25477,43457,5.9,"61,206","62,665","55,311","42,716","17,802","1,730","6,312",53.00344849,-2.32630992,5.9,"61,206","62,665","55,311","42,716","17,802","1,730","6,312",53.00344849,-2.32630992
339,E07000196,South Staffordshire,23444,43248,2.7,"53,243","54,888","49,032","38,390","14,901","1,373","4,435",52.69691849,-2.1549499,2.7,"53,243","54,888","49,032","38,390","14,901","1,373","4,435",52.69691849,-2.1549499
340,E07000197,Stafford,34098,43386,2.2,"65,554","65,315","60,366","46,574","17,316","1,495","5,118",52.84791946,-2.1647501,2.2,"65,554","65,315","60,366","46,574","17,316","1,495","5,118",52.84791946,-2.1647501
341,E07000198,Staffordshire Moorlands,21076,38684,1.7,"47,790","49,316","42,874","34,050","14,432","1,330","4,420",53.06924057,-1.99334002,1.7,"47,790","49,316","42,874","34,050","14,432","1,330","4,420",53.06924057,-1.99334002
342,E07000199,Tamworth,13705,28424,24.9,"37,694","39,119","35,029","27,064","10,314","1,007","3,399",52.62031174,-1.68450999,24.9,"37,694","39,119","35,029","27,064","10,314","1,007","3,399",52.62031174,-1.68450999
343,E07000218,North Warwickshire,12569,25385,2.2,"30,604","31,410","27,979","21,604","8,725",856,"2,850",52.56483841,-1.62419999,2.2,"30,604","31,410","27,979","21,604","8,725",856,"2,850",52.56483841,-1.62419999
344,E07000219,Nuneaton and Bedworth,23736,46095,15.9,"61,441","63,811","55,086","44,255","18,133","1,759","6,019",52.50093842,-1.47965002,15.9,"61,441","63,811","55,086","44,255","18,133","1,759","6,019",52.50093842,-1.47965002
345,E07000220,Rugby,25350,33199,2.9,"49,884","50,191","47,711","35,306","12,580",970,"3,508",52.38227844,-1.31827998,2.9,"49,884","50,191","47,711","35,306","12,580",970,"3,508",52.38227844,-1.31827998
346,E07000221,Stratford-on-Avon,38341,40817,1.2,"58,497","61,988","58,094","41,966","15,315","1,061","4,049",52.16154099,-1.63565004,1.2,"58,497","61,988","58,094","41,966","15,315","1,061","4,049",52.16154099,-1.63565004
347,E07000222,Warwick,47976,33642,4.9,"68,650","68,998","69,660","46,720","15,719","1,274","4,275",52.301418299999995,-1.58369005,4.9,"68,650","68,998","69,660","46,720","15,719","1,274","4,275",52.301418299999995,-1.58369005
348,E07000234,Bromsgrove,26252,32563,4.3,"46,300","47,337","45,932","31,306","11,885","1,030","3,484",52.36169052,-2.0037601,4.3,"46,300","47,337","45,932","31,306","11,885","1,030","3,484",52.36169052,-2.0037601
349,E07000235,Malvern Hills,23203,25294,1.3,"36,336","38,295","34,011","26,171","10,494","1,016","2,939",52.16757965,-2.33088994,1.3,"36,336","38,295","34,011","26,171","10,494","1,016","2,939",52.16757965,-2.33088994
350,E07000236,Redditch,17303,28579,15.5,"41,848","42,366","39,391","29,354","10,913","1,034","3,522",52.28541183,-1.94710004,15.5,"41,848","42,366","39,391","29,354","10,913","1,034","3,522",52.28541183,-1.94710004
351,E07000237,Worcester,25125,29114,29.7,"48,563","50,205","46,851","34,497","12,625","1,015","3,780",52.1948204,-2.2102499,29.7,"48,563","50,205","46,851","34,497","12,625","1,015","3,780",52.1948204,-2.2102499
352,E07000238,Wychavon,32188,44201,1.8,"57,445","59,499","54,212","41,641","15,608","1,144","4,339",52.12886047,-2.01613998,1.8,"57,445","59,499","54,212","41,641","15,608","1,144","4,339",52.12886047,-2.01613998
353,E07000239,Wyre Forest,21240,36392,5.0,"48,299","49,676","42,730","34,481","14,881","1,335","4,548",52.38529968,-2.23494005,5.0,"48,299","49,676","42,730","34,481","14,881","1,335","4,548",52.38529968,-2.23494005
354,E08000025,Birmingham,223451,227251,40.1,"527,806","545,239","488,568","363,904","148,782","17,686","54,105",52.48403931,-1.8814099999999998,40.1,"527,806","545,239","488,568","363,904","148,782","17,686","54,105",52.48403931,-1.8814099999999998
355,E08000026,Coventry,67967,85097,32.1,"157,621","159,339","145,948","109,815","42,006","4,426","14,765",52.41423035,-1.51908004,32.1,"157,621","159,339","145,948","109,815","42,006","4,426","14,765",52.41423035,-1.51908004
356,E08000027,Dudley,56780,118446,31.9,"153,819","159,106","132,825","111,905","47,828","4,449","15,918",52.49512863,-2.10171008,31.9,"153,819","159,106","132,825","111,905","47,828","4,449","15,918",52.49512863,-2.10171008
357,E08000028,Sandwell,49004,98250,36.0,"151,592","156,471","129,182","107,081","48,087","5,542","18,171",52.51477051,-2.00770998,36.0,"151,592","156,471","129,182","107,081","48,087","5,542","18,171",52.51477051,-2.00770998
358,E08000029,Solihull,53466,68484,11.6,"100,352","106,322","98,197","70,683","27,056","2,497","8,241",52.43099976,-1.71557999,11.6,"100,352","106,322","98,197","70,683","27,056","2,497","8,241",52.43099976,-1.71557999
359,E08000030,Walsall,43572,92007,25.9,"132,319","137,004","113,525","94,650","41,653","4,527","14,968",52.60503006,-1.97044003,25.9,"132,319","137,004","113,525","94,650","41,653","4,527","14,968",52.60503006,-1.97044003
360,E08000031,Wolverhampton,44138,73798,35.9,"123,441","126,029","104,263","88,168","39,096","4,147","13,796",52.59788132,-2.1274599999999997,35.9,"123,441","126,029","104,263","88,168","39,096","4,147","13,796",52.59788132,-2.1274599999999997
361,E06000010,"Kingston upon Hull, City of",36709,76646,35.9,"128,420","127,986","110,555","89,572","38,102","4,130","14,047",53.76979065,-0.30379999,35.9,"128,420","127,986","110,555","89,572","38,102","4,130","14,047",53.76979065,-0.30379999
362,E06000011,East Riding of Yorkshire,78779,120136,1.4,"163,388","170,791","151,003","116,859","48,307","4,133","13,877",53.88122177,-0.66202998,1.4,"163,388","170,791","151,003","116,859","48,307","4,133","13,877",53.88122177,-0.66202998
363,E06000012,North East Lincolnshire,23797,55185,8.3,"78,247","81,369","70,242","55,935","23,779","2,153","7,507",53.52336121,-0.13926999,8.3,"78,247","81,369","70,242","55,935","23,779","2,153","7,507",53.52336121,-0.13926999
364,E06000013,North Lincolnshire,29947,58915,2.0,"82,623","84,823","73,234","59,883","24,667","2,069","7,593",53.58644867,-0.52410001,2.0,"82,623","84,823","73,234","59,883","24,667","2,069","7,593",53.58644867,-0.52410001
365,E06000014,York,63617,45983,7.3,"96,254","101,797","98,402","67,709","23,752","1,819","6,369",53.96582031,-1.07375002,7.3,"96,254","101,797","98,402","67,709","23,752","1,819","6,369",53.96582031,-1.07375002
366,E07000163,Craven,16930,18961,0.5,"26,754","28,655","26,383","19,150","7,387",514,"1,975",54.05376053,-2.16167998,0.5,"26,754","28,655","26,383","19,150","7,387",514,"1,975",54.05376053,-2.16167998
367,E07000164,Hambleton,25480,29502,0.7,"43,982","45,158","43,384","30,682","11,235",867,"2,972",54.30871964,-1.34048998,0.7,"43,982","45,158","43,384","30,682","11,235",867,"2,972",54.30871964,-1.34048998
368,E07000165,Harrogate,48211,46374,1.2,"77,037","80,832","79,934","53,313","18,633","1,291","4,698",54.07707977,-1.58160996,1.2,"77,037","80,832","79,934","53,313","18,633","1,291","4,698",54.07707977,-1.58160996
369,E07000166,Richmondshire,11945,15691,0.4,"27,407","24,558","26,678","17,383","5,988",393,"1,523",54.3576088,-1.98552001,0.4,"27,407","24,558","26,678","17,383","5,988",393,"1,523",54.3576088,-1.98552001
370,E07000167,Ryedale,14340,17710,0.3,"25,413","26,338","23,555","18,476","7,329",545,"1,846",54.20021057,-0.84276998,0.3,"25,413","26,338","23,555","18,476","7,329",545,"1,846",54.20021057,-0.84276998
371,E07000168,Scarborough,22999,37512,1.3,"52,570","56,223","45,241","38,721","17,588","1,531","5,712",54.34648895,-0.52780002,1.3,"52,570","56,223","45,241","38,721","17,588","1,531","5,712",54.34648895,-0.52780002
372,E07000169,Selby,21071,30532,1.4,"40,947","42,502","40,351","28,624","10,654",812,"3,008",53.73326874,-1.12908006,1.4,"40,947","42,502","40,351","28,624","10,654",812,"3,008",53.73326874,-1.12908006
373,E08000016,Barnsley,38951,83958,7.0,"113,634","117,587","96,194","77,649","37,956","4,144","15,278",53.52576828,-1.54925001,7.0,"113,634","117,587","96,194","77,649","37,956","4,144","15,278",53.52576828,-1.54925001
374,E08000017,Doncaster,46922,104260,5.3,"149,230","153,172","131,738","102,983","45,748","4,951","16,982",53.52696991,-1.10894001,5.3,"149,230","153,172","131,738","102,983","45,748","4,951","16,982",53.52696991,-1.10894001
375,E08000018,Rotherham,44115,93272,9.0,"126,247","131,033","111,232","87,237","39,278","4,419","15,114",53.3955307,-1.28650999,9.0,"126,247","131,033","111,232","87,237","39,278","4,419","15,114",53.3955307,-1.28650999
376,E08000019,Sheffield,130735,136018,15.0,"272,661","280,037","258,250","184,343","75,733","7,669","26,703",53.40357971,-1.54253995,15.0,"272,661","280,037","258,250","184,343","75,733","7,669","26,703",53.40357971,-1.54253995
377,E08000032,Bradford,104575,123913,14.3,"257,132","265,320","234,133","186,031","71,580","6,940","23,768",53.84381866,-1.87389004,14.3,"257,132","265,320","234,133","186,031","71,580","6,940","23,768",53.84381866,-1.87389004
378,E08000033,Calderdale,46950,58975,5.6,"99,627","104,199","94,449","70,007","28,091","2,350","8,929",53.72048187,-1.96182001,5.6,"99,627","104,199","94,449","70,007","28,091","2,350","8,929",53.72048187,-1.96182001
379,E08000034,Kirklees,98485,118755,10.3,"208,657","213,801","192,366","147,731","58,042","5,289","19,030",53.64233017,-1.78085005,10.3,"208,657","213,801","192,366","147,731","58,042","5,289","19,030",53.64233017,-1.78085005
380,E08000035,Leeds,194863,192474,13.6,"367,935","383,550","361,295","254,023","95,515","9,148","31,504",53.82273102,-1.50735998,13.6,"367,935","383,550","361,295","254,023","95,515","9,148","31,504",53.82273102,-1.50735998
381,E08000036,Wakefield,58877,116165,9.6,"159,913","165,924","139,288","110,920","50,595","5,527","19,507",53.65922165,-1.42092001,9.6,"159,913","165,924","139,288","110,920","50,595","5,527","19,507",53.65922165,-1.42092001
