Area code,All categories: Age,Age 0 to 4,Age 5 to 7,Age 8 to 9,Age 10 to 14,Age 15,Age 16 to 17,Age 18 to 19,Age 20 to 24,Age 25 to 29,Age 30 to 44,Age 45 to 59,Age 60 to 64,Age 65 to 74,Age 75 to 84,Age 85 to 89,Age 90 and over,Mean age,Median age
K02000001,"63,182,178","3,913,953","2,158,947","1,357,668","3,669,326","774,892","1,568,941","1,652,619","4,297,198","4,306,340","12,945,561","12,351,632","3,807,974","5,480,225","3,504,915","918,343","473,644",39.0,39
K03000001,"61,371,315","3,789,571","2,091,285","1,314,043","3,550,292","750,272","1,517,501","1,602,438","4,171,185","4,182,241","12,571,614","12,003,782","3,713,684","5,334,625","3,418,191","897,178","463,413",39.0,38
K04000001,"56,075,912","3,496,750","1,927,039","1,208,672","3,258,677","687,994","1,391,235","1,460,156","3,807,245","3,836,609","11,515,165","10,886,135","3,377,162","4,852,833","3,115,552","825,671","429,017",39.4,39
E92000001,"53,012,456","3,318,449","1,827,610","1,145,022","3,080,929","650,826","1,314,124","1,375,315","3,595,321","3,650,881","10,944,271","10,276,902","3,172,277","4,552,283","2,928,118","776,311","403,817",39.3,39
W92000004,"3,063,456","178,301","99,429","63,650","177,748","37,168","77,111","84,841","211,924","185,728","570,894","609,233","204,885","300,550","187,434","49,360","25,200",40.6,41
S92000003 ,"5,295,403","292,821","164,246","105,371","291,615","62,278","126,266","142,282","363,940","345,632","1,056,449","1,117,647","336,522","481,792","302,639","71,507","34,396",40.3,41
N92000002 ,"1,810,863","124,382","67,662","43,625","119,034","24,620","51,440","50,181","126,013","124,099","373,947","347,850","94,290","145,600","86,724","21,165","10,231",37.6,37
,,,,,,,,,,,,,,,,,,,
,,,,,,,,,,,,,,,,,,,
E92000001,"53,012,456","3,318,449","1,827,610","1,145,022","3,080,929","650,826","1,314,124",1375315.0,3595321.0,3650881.0,10944271.0,10276902.0,3172277.0,4552283.0,2928118.0,776311.0,403817.0,39.3,39
,,,,,,,,,,,,,,,,,,,
E12000001,"2,596,886","149,843","83,689","52,610","145,045","31,250","63,605","74,585","184,018","164,303","491,533","538,344","168,576","239,242","154,863","37,546","17,834",40.3,41
,,,,,,,,,,,,,,,,,,,
E06000047,"513,242","28,574","15,818","9,841","27,869","5,882","12,107","15,278","35,155","30,628","96,150","108,200","35,395","50,883","30,635","7,321","3,506",41.0,42
E06000005,"105,564","6,579","3,790","2,284","6,224","1,330","2,721","2,357","6,071","6,607","20,917","21,560","6,685","9,717","6,172","1,740",810,40.2,41
E06000001,"92,028","5,698","3,202","1,990","5,653","1,257","2,570","2,451","5,955","5,622","16,869","19,326","5,837","8,174","5,568","1,323",533,39.8,40
E06000002,"138,412","9,431","5,178","3,098","8,485","1,811","3,747","4,506","11,690","9,765","25,414","27,065","7,531","10,833","7,393","1,658",807,37.8,37
E06000048,"316,028","16,003","9,863","6,482","17,677","3,841","7,631","6,992","16,224","16,187","56,156","71,135","24,533","34,366","21,018","5,233","2,687",42.8,45
E06000003,"135,177","7,553","4,362","2,736","7,803","1,712","3,608","3,515","8,092","7,628","24,120","28,285","9,511","14,418","8,721","2,133",980,41.5,43
E06000004,"191,610","12,322","6,824","4,149","11,457","2,355","5,168","5,296","12,651","12,602","37,535","39,652","11,648","16,102","10,368","2,429","1,052",39.1,39
,,,,,,,,,,,,,,,,,,,
E11000004,"1,104,825","63,683","34,652","22,030","59,877","13,062","26,053","34,190","88,180","75,264","214,372","223,121","67,436","94,749","64,988","15,709","7,459",39.7,39
E08000020,"200,214","11,869","6,323","3,987","10,880","2,439","4,778","4,953","12,104","14,059","40,466","40,515","12,596","18,608","12,412","2,897","1,328",40.5,40
E08000021,"280,177","16,522","8,534","5,501","14,488","2,929","6,156","13,311","36,012","22,948","51,972","48,952","14,133","19,380","13,857","3,578","1,904",36.9,33
E08000022,"200,801","11,732","6,577","4,076","10,921","2,407","4,631","4,421","10,908","12,411","41,644","42,719","13,059","18,096","12,487","3,155","1,557",40.9,41
E08000023,"148,127","8,182","4,619","2,932","8,233","1,961","3,735","3,797","9,447","8,901","27,436","32,394","9,637","13,634","9,632","2,503","1,084",41.2,42
E08000024,"275,506","15,378","8,599","5,534","15,355","3,326","6,753","7,708","19,709","16,945","52,854","58,541","18,011","25,031","16,600","3,576","1,586",40.4,41
,,,,,,,,,,,,,,,,,,,
E12000002,"7,052,177","432,091","241,108","151,058","412,407","87,884","177,491","191,462","489,640","466,582","1,394,536","1,397,119","439,644","627,742","394,596","99,316","49,501",39.5,39
,,,,,,,,,,,,,,,,,,,
E06000008,"147,489","11,278","6,386","4,092","10,322","2,289","4,278","3,651","9,718","10,951","30,862","26,717","7,884","10,356","6,360","1,547",798,36.2,35
E06000009,"142,065","8,218","4,652","2,784","8,052","1,660","3,487","3,501","8,529","8,580","26,854","29,094","9,415","14,353","9,148","2,431","1,307",41.3,42
E06000049,"370,127","20,194","12,057","7,687","21,383","4,432","9,249","8,398","18,615","19,020","72,047","79,230","26,443","37,951","23,733","6,347","3,341",42.0,43
E06000050,"329,608","18,050","10,742","6,701","18,737","3,905","7,904","8,296","19,511","18,796","64,058","69,122","22,686","32,782","20,387","5,215","2,716",41.3,42
E06000006,"125,746","8,354","4,563","2,820","7,577","1,613","3,339","3,130","8,024","8,141","25,004","26,192","8,508","10,370","6,132","1,349",630,38.9,39
E06000007,"202,228","12,309","7,003","4,552","12,296","2,591","5,259","4,657","12,088","12,503","42,327","41,988","12,441","18,198","10,294","2,498","1,224",39.5,40
,,,,,,,,,,,,,,,,,,,
E10000006,"499,858","25,248","15,051","9,706","27,449","6,045","12,376","11,425","25,674","26,289","91,309","108,375","38,022","55,410","34,201","8,745","4,533",42.9,44
E07000026,"96,422","4,921","2,786","1,920","5,470","1,170","2,501","2,119","4,610","4,808","17,560","20,920","7,604","10,856","6,622","1,687",868,43.1,45
E07000027,"69,087","3,719","2,204","1,437","4,022",909,"1,872","1,710","3,988","3,924","13,124","14,412","4,811","7,262","4,118",984,591,41.3,42
E07000028,"107,524","6,064","3,449","2,066","5,702","1,201","2,491","2,898","6,536","6,685","20,573","22,715","7,247","10,386","6,827","1,782",902,41.3,42
E07000029,"70,603","3,695","2,182","1,385","3,870",858,"1,752","1,592","3,826","3,978","13,107","15,777","5,227","7,443","4,414","1,019",478,42.1,44
E07000030,"52,564","2,383","1,608",991,"2,947",659,"1,166","1,150","2,442","2,323","9,216","11,807","4,343","6,288","3,803",978,460,44.1,46
E07000031,"103,658","4,466","2,822","1,907","5,438","1,248","2,594","1,956","4,272","4,571","17,729","22,744","8,790","13,175","8,417","2,295","1,234",45.4,48
,,,,,,,,,,,,,,,,,,,
E11000001,"2,682,528","181,245","98,201","60,322","160,304","33,951","67,601","74,759","203,899","200,933","560,081","500,860","150,623","211,280","129,230","32,995","16,244",37.8,37
E08000001,"276,786","18,765","10,383","6,495","17,793","3,640","7,483","6,799","18,071","18,285","56,720","52,967","16,845","23,553","13,659","3,652","1,676",38.4,38
E08000002,"185,060","12,235","6,875","4,233","11,361","2,421","4,827","4,297","10,688","11,622","37,977","37,272","11,712","16,292","9,623","2,397","1,228",39.2,40
E08000003,"503,127","36,413","18,059","10,558","26,785","5,603","10,734","21,965","66,998","56,595","111,440","72,197","18,236","24,767","16,404","4,226","2,147",33.2,29
E08000004,"224,897","16,491","9,353","6,069","15,337","3,209","6,098","5,749","14,586","15,177","44,945","42,055","12,875","18,280","10,465","2,760","1,448",37.4,37
E08000005,"211,699","14,754","8,177","4,971","13,925","2,956","5,989","5,480","14,005","14,111","42,914","41,147","12,454","16,642","10,367","2,632","1,175",37.9,38
E08000006,"233,933","16,255","8,146","4,865","12,969","2,918","5,543","6,642","19,537","20,989","48,801","41,704","12,358","17,543","11,144","3,012","1,507",37.4,35
E08000007,"283,275","17,342","9,772","6,036","16,759","3,544","7,169","6,162","15,184","15,896","57,069","59,052","18,263","26,515","17,762","4,441","2,309",40.8,41
E08000008,"219,324","14,439","7,727","4,728","13,029","2,785","5,787","5,415","13,744","14,320","44,882","44,400","13,867","19,044","10,977","2,822","1,358",39.1,39
E08000009,"226,578","14,870","8,531","5,501","14,076","2,846","5,907","4,773","11,776","13,764","49,221","46,226","12,814","18,325","12,899","3,371","1,678",39.3,39
E08000010,"317,849","19,681","11,178","6,866","18,270","4,029","8,064","7,477","19,310","20,174","66,112","63,840","21,199","30,319","15,930","3,682","1,718",39.6,40
,,,,,,,,,,,,,,,,,,,
E10000017,"1,171,339","68,591","38,980","24,585","67,883","14,344","29,186","33,352","78,594","68,819","221,875","235,357","78,580","113,367","70,377","18,380","9,069",40.5,41
E07000117,"87,059","5,847","3,211","1,956","5,040","1,090","2,221","2,229","5,574","5,751","16,979","17,186","5,841","7,595","4,606","1,276",657,39.4,39
E07000118,"107,155","6,203","3,714","2,249","6,076","1,381","2,558","2,202","6,122","6,210","22,338","22,475","7,665","10,381","5,420","1,407",754,40.5,41
E07000119,"75,757","3,612","2,157","1,420","4,008",803,"1,743","1,541","3,393","3,591","12,978","16,473","5,695","9,130","6,516","1,771",926,44.9,47
E07000120,"80,734","5,427","3,084","1,918","5,057","1,156","2,170","1,954","5,041","5,287","16,329","15,448","5,054","7,073","4,183","1,043",510,38.7,39
E07000121,"138,375","7,232","3,956","2,511","7,714","1,557","3,260","6,456","13,194","7,969","24,291","26,135","8,735","13,256","8,572","2,348","1,189",40.2,40
E07000122,"89,452","6,362","3,403","2,060","5,359","1,140","2,190","2,155","5,722","6,301","17,425","17,009","5,976","7,662","4,786","1,292",610,38.9,39
E07000123,"140,202","9,323","4,933","3,005","7,940","1,579","3,334","5,536","14,062","10,750","28,116","25,294","7,084","9,909","6,788","1,748",801,36.9,35
E07000124,"57,132","2,881","1,819","1,284","3,805",791,"1,552","1,215","2,685","2,414","10,173","12,731","4,251","6,264","3,788",965,514,42.5,44
E07000125,"67,982","4,329","2,340","1,563","4,052",887,"1,849","1,573","3,869","3,940","13,955","14,363","4,721","5,805","3,385",914,437,39.6,40
E07000126,"109,057","6,331","3,615","2,268","6,359","1,321","2,728","2,424","6,349","6,290","21,855","22,595","7,510","10,707","6,351","1,629",725,40.8,42
E07000127,"110,685","5,998","3,594","2,341","6,685","1,355","2,812","3,557","7,196","5,447","19,720","23,219","7,886","11,764","6,754","1,558",799,41.2,42
E07000128,"107,749","5,046","3,154","2,010","5,788","1,284","2,769","2,510","5,387","4,869","17,716","22,429","8,162","13,821","9,228","2,429","1,147",44.7,47
,,,,,,,,,,,,,,,,,,,
E11000002,"1,381,189","78,604","43,473","27,809","78,404","17,054","34,812","40,293","104,988","92,550","260,119","280,184","85,042","123,675","84,734","19,809","9,639",40.0,40
E08000011,"145,893","9,121","5,107","3,205","9,200","2,035","4,120","3,968","9,846","9,229","27,369","31,470","8,209","11,944","8,706","1,688",676,39.1,40
E08000012,"466,415","26,099","13,590","8,664","24,315","5,432","10,811","18,329","50,636","39,966","92,015","86,674","24,418","34,027","23,709","5,307","2,423",37.7,35
E08000014,"273,790","14,601","8,301","5,467","15,672","3,314","6,979","6,349","15,915","14,915","47,606","59,240","18,420","28,773","20,712","4,931","2,595",42.5,44
E08000013,"175,308","10,269","5,684","3,587","10,212","2,184","4,466","4,309","10,522","10,501","34,137","35,782","12,255","17,612","10,294","2,402","1,092",40.7,41
E08000015,"319,783","18,514","10,791","6,886","19,005","4,089","8,436","7,338","18,069","17,939","58,992","67,018","21,740","31,319","21,313","5,481","2,853",41.4,42
,,,,,,,,,,,,,,,,,,,
E12000003,"5,283,733","328,447","182,818","114,657","306,096","65,774","130,943","151,928","382,679","347,304","1,042,121","1,031,066","325,329","463,849","296,421","75,868","38,433",39.4,39
,,,,,,,,,,,,,,,,,,,
E06000011,"334,179","16,400","9,990","6,640","18,625","4,191","8,229","7,976","15,779","15,073","60,345","72,406","27,070","38,716","23,720","5,947","3,072",43.5,45
E06000010,"256,406","17,358","8,754","5,220","13,944","3,090","6,413","7,913","24,040","20,274","52,108","47,717","13,844","18,301","12,788","3,166","1,476",37.5,36
E06000012,"159,616","10,005","5,546","3,420","9,264","2,004","4,119","4,148","10,521","9,987","29,802","32,277","10,236","14,733","9,813","2,469","1,272",40.2,41
E06000013,"167,446","10,282","5,782","3,595","9,550","2,132","4,217","3,806","9,522","9,969","31,667","35,433","11,452","16,263","10,012","2,542","1,222",40.8,42
E06000014,"198,051","10,677","5,747","3,601","9,712","2,039","4,179","7,879","19,746","14,159","38,818","36,363","11,716","16,929","11,629","3,200","1,657",39.5,38
,,,,,,,,,,,,,,,,,,,
E10000023,"598,376","31,040","18,505","12,344","34,410","7,406","15,019","13,634","31,394","29,923","106,914","129,966","44,622","65,334","41,076","10,891","5,898",42.8,44
E07000163,"55,409","2,528","1,546","1,146","3,317",711,"1,394","1,125","2,403","2,292","9,384","12,507","4,446","6,505","4,216","1,242",647,44.5,47
E07000164,"89,140","4,348","2,730","1,806","5,118","1,099","2,123","1,955","4,431","4,197","15,243","19,962","6,887","10,457","6,367","1,599",818,43.5,46
E07000165,"157,869","8,677","5,227","3,481","9,432","2,016","4,132","3,241","7,384","8,169","30,555","33,987","10,674","15,896","10,382","2,927","1,689",42.0,43
E07000166,"51,965","2,910","1,647","1,163","2,949",598,"1,205","1,726","4,252","3,467","9,369","10,060","3,543","5,030","2,942",717,387,40.0,40
E07000167,"51,751","2,385","1,522",951,"3,024",669,"1,459","1,059","2,203","2,085","8,483","11,508","4,351","6,433","4,081","1,000",538,44.6,47
E07000168,"108,793","5,317","3,092","1,979","5,718","1,285","2,539","2,716","6,268","5,367","17,291","23,181","8,720","13,311","8,534","2,259","1,216",44.2,46
E07000169,"83,449","4,875","2,741","1,818","4,852","1,028","2,167","1,812","4,453","4,346","16,589","18,761","6,001","7,702","4,554","1,147",603,40.9,42
,,,,,,,,,,,,,,,,,,,
E11000003,"1,343,601","82,892","46,104","28,512","76,642","16,175","33,135","42,543","104,311","88,912","264,124","259,519","79,041","118,660","74,707","18,909","9,415",39.2,39
E08000016,"231,221","13,957","7,798","4,764","13,378","2,989","5,804","5,597","13,533","14,446","45,725","48,377","14,843","22,080","13,250","3,279","1,401",40.4,41
E08000017,"302,402","19,220","10,558","6,514","17,407","3,794","7,907","7,236","19,417","20,239","58,258","61,864","18,847","27,109","17,660","4,346","2,026",39.8,40
E08000018,"257,280","15,738","8,923","5,722","15,664","3,215","6,797","6,205","15,227","15,422","49,874","52,987","16,664","24,783","14,560","3,684","1,815",40.2,41
E08000019,"552,698","33,977","18,825","11,512","30,193","6,177","12,627","23,505","56,134","38,805","110,267","96,291","28,687","44,688","29,237","7,600","4,173",37.9,36
,,,,,,,,,,,,,,,,,,,
E11000006,"2,226,058","149,793","82,390","51,325","133,949","28,737","55,632","64,029","167,366","159,007","458,343","417,385","127,348","174,913","112,676","28,744","14,421",38.0,37
E08000032,"522,452","41,167","22,903","14,579","36,268","7,414","14,248","13,706","35,679","38,810","108,439","93,087","26,760","35,488","24,300","6,493","3,111",36.2,34
E08000033,"203,826","12,906","7,403","4,579","12,563","2,730","5,163","4,736","11,421","12,089","41,938","42,482","13,344","17,593","10,585","2,831","1,463",39.6,40
E08000034,"422,458","28,331","15,976","10,051","26,177","5,614","10,669","11,264","28,826","27,475","86,893","81,187","25,845","35,035","21,092","5,316","2,707",38.4,38
E08000035,"751,485","47,844","25,177","15,404","40,167","8,901","17,178","26,756","71,874","59,860","155,762","132,786","40,178","56,455","38,561","9,600","4,982",37.6,35
E08000036,"325,837","19,545","10,931","6,712","18,774","4,078","8,374","7,567","19,566","20,773","65,311","67,843","21,221","30,342","18,138","4,504","2,158",40.2,41
,,,,,,,,,,,,,,,,,,,
E12000004,"4,533,222","270,174","151,534","96,030","264,538","56,179","114,815","124,920","307,676","278,581","895,538","908,888","291,401","414,713","256,569","67,862","33,804",40.0,40
,,,,,,,,,,,,,,,,,,,
E06000015,"248,752","17,743","9,329","5,654","14,857","3,093","6,250","7,385","20,069","18,211","51,298","44,608","12,586","18,884","13,540","3,564","1,681",37.6,36
E06000016,"329,839","24,297","12,925","7,855","20,162","4,040","8,608","11,842","35,406","29,571","68,167","55,694","14,056","18,888","12,936","3,605","1,787",34.8,31
E06000018,"305,680","19,959","10,194","6,235","15,860","3,328","6,818","16,913","42,766","26,232","61,519","47,678","12,626","17,520","12,877","3,529","1,626",34.8,30
E06000017,"37,369","1,854","1,129",721,"2,352",630,"1,434",831,"1,740","1,907","6,686","7,521","2,715","4,218","2,530",719,382,42.4,43
,,,,,,,,,,,,,,,,,,,
E10000007,"769,686","41,545","24,628","15,821","44,957","9,835","19,880","17,450","40,958","41,007","151,061","164,883","54,770","77,789","46,475","12,276","6,351",41.6,43
E07000032,"122,309","6,404","3,771","2,616","7,202","1,475","3,162","2,668","6,233","6,439","24,289","26,092","9,179","12,496","7,232","1,981","1,070",41.8,43
E07000033,"75,866","4,275","2,492","1,511","4,379","1,017","1,956","1,765","4,267","4,564","15,164","15,660","5,032","7,537","4,505","1,136",606,41.0,42
E07000034,"103,788","5,778","3,132","1,939","6,041","1,303","2,747","2,427","5,784","6,071","20,546","21,773","6,956","10,105","6,408","1,918",860,41.4,42
E07000035,"71,116","3,077","2,169","1,475","4,208",888,"1,733","1,411","3,008","2,719","12,027","16,499","6,075","8,506","5,134","1,438",749,44.5,47
E07000036,"112,081","6,527","3,637","2,298","6,188","1,483","2,945","2,600","6,714","6,407","22,876","23,199","7,211","10,657","6,704","1,714",921,40.8,41
E07000037,"90,892","4,961","2,986","1,905","5,487","1,137","2,339","2,279","5,059","4,643","17,591","20,405","6,431","8,642","5,059","1,262",706,41.1,43
E07000038,"99,023","4,799","2,977","1,932","5,370","1,246","2,471","2,239","5,020","4,764","18,062","21,570","7,655","11,679","6,707","1,674",858,43.3,45
E07000039,"94,611","5,724","3,464","2,145","6,082","1,286","2,527","2,061","4,873","5,400","20,506","19,685","6,231","8,167","4,726","1,153",581,39.5,40
,,,,,,,,,,,,,,,,,,,
E10000018,"650,489","36,154","21,369","13,677","38,100","8,081","16,703","18,515","40,925","35,050","126,581","135,543","44,354","61,791","38,436","10,182","5,028",40.8,42
E07000129,"93,915","5,446","3,263","2,061","5,590","1,221","2,462","2,189","4,990","5,005","18,953","19,503","6,357","9,099","5,657","1,447",672,40.9,42
E07000130,"166,100","9,120","5,053","3,226","8,924","1,899","4,209","6,778","16,121","10,079","31,145","31,951","10,333","14,351","9,255","2,372","1,284",39.3,39
E07000131,"85,382","4,665","3,028","1,987","5,527","1,141","2,301","1,714","3,701","3,700","16,827","19,139","6,061","8,470","5,019","1,389",713,41.6,43
E07000132,"105,078","5,778","3,377","2,142","6,014","1,292","2,575","2,117","5,376","5,767","20,825","22,572","7,910","10,574","6,316","1,674",769,41.7,43
E07000133,"50,376","2,786","1,618","1,067","3,033",635,"1,275","1,074","2,535","2,537","9,620","11,277","3,662","4,975","3,019",863,400,41.7,43
E07000134,"93,468","5,477","3,319","2,102","5,642","1,137","2,311","1,963","4,739","4,939","19,181","19,827","6,599","8,997","5,143","1,418",674,40.8,42
E07000135,"56,170","2,882","1,711","1,092","3,370",756,"1,570","2,680","3,463","3,023","10,030","11,274","3,432","5,325","4,027","1,019",516,41.0,41
,,,,,,,,,,,,,,,,,,,
E10000019,"713,653","37,351","21,222","13,864","40,470","8,971","17,408","17,545","41,556","38,933","128,490","147,211","52,781","80,273","48,767","12,467","6,344",42.5,44
E07000136,"64,637","3,841","1,980","1,243","3,527",771,"1,493","1,421","3,942","4,372","12,089","12,821","4,395","6,773","4,344","1,096",529,41.5,42
E07000137,"136,401","6,202","3,637","2,362","7,168","1,614","3,170","2,756","6,433","5,876","20,773","28,661","12,310","19,949","11,436","2,703","1,351",45.8,49
E07000138,"93,541","5,514","2,710","1,593","4,548",986,"2,057","4,663","11,198","7,915","17,846","16,311","4,874","6,713","4,547","1,335",731,37.4,34
E07000139,"107,766","5,483","3,364","2,220","6,591","1,408","2,684","2,207","5,068","5,341","20,442","22,575","7,891","12,408","7,303","1,858",923,42.7,44
E07000140,"88,270","4,488","2,555","1,740","4,982","1,151","2,080","1,697","4,523","4,705","16,121","17,986","6,579","10,229","6,853","1,695",886,43.4,45
E07000141,"133,788","7,432","4,279","2,895","8,262","1,835","3,509","2,779","6,251","6,809","25,643","28,870","9,664","13,794","8,223","2,379","1,164",41.8,43
E07000142,"89,250","4,391","2,697","1,811","5,392","1,206","2,415","2,022","4,141","3,915","15,576","19,987","7,068","10,407","6,061","1,401",760,43.1,45
,,,,,,,,,,,,,,,,,,,
E10000021,"691,952","46,012","25,279","15,915","42,030","8,635","17,733","16,132","39,694","43,619","146,623","139,840","44,404","58,129","33,935","9,252","4,720",39.1,39
E07000150,"61,255","4,519","2,225","1,385","3,748",741,"1,578","1,487","3,924","4,786","12,903","12,446","3,201","4,724","2,732",634,222,37.5,37
E07000151,"77,843","4,350","2,688","1,834","4,889","1,051","2,120","1,692","3,797","3,588","15,477","17,465","5,715","7,525","4,062","1,042",548,40.9,43
E07000152,"86,765","5,233","3,197","1,941","5,589","1,229","2,512","1,929","4,028","4,250","17,901","18,107","6,244","8,035","4,589","1,280",701,40.4,42
E07000153,"93,475","6,256","3,504","2,181","5,564","1,161","2,303","2,029","4,993","5,797","20,120","18,359","6,214","8,105","4,769","1,384",736,39.5,40
E07000154,"212,069","15,845","7,848","4,716","12,138","2,466","5,168","5,659","15,345","16,950","47,070","39,044","11,605","14,841","9,335","2,653","1,386",37.1,36
E07000155,"85,189","4,771","3,062","2,139","5,507","1,086","2,176","1,716","3,589","3,603","17,424","19,377","6,340","8,096","4,497","1,190",616,41.1,43
E07000156,"75,356","5,038","2,755","1,719","4,595",901,"1,876","1,620","4,018","4,645","15,728","15,042","5,085","6,803","3,951","1,069",511,39.6,40
,,,,,,,,,,,,,,,,,,,
E10000024,"785,802","45,259","25,459","16,288","45,750","9,566","19,981","18,307","44,562","44,051","155,113","165,910","53,109","77,221","47,073","12,268","5,885",41.1,42
E07000170,"119,497","7,413","4,076","2,587","7,181","1,542","2,974","2,829","7,064","7,104","24,353","24,556","7,580","11,577","6,240","1,623",798,40.0,41
E07000171,"112,863","6,105","3,549","2,277","6,816","1,414","3,072","2,613","6,021","6,027","21,537","24,403","8,088","11,544","6,842","1,721",834,41.5,43
E07000172,"109,487","6,163","3,208","2,093","5,848","1,237","2,710","2,508","6,722","6,625","22,072","22,655","7,548","10,733","6,704","1,771",890,41.4,42
E07000173,"113,543","6,470","3,647","2,339","6,560","1,341","2,892","2,572","6,002","6,205","22,610","24,134","7,755","11,114","7,175","1,891",836,41.4,42
E07000174,"104,466","6,399","3,376","2,095","5,852","1,296","2,705","2,535","6,518","6,799","20,505","21,927","6,513","9,653","6,063","1,527",703,40.2,41
E07000175,"114,817","6,317","3,813","2,454","6,872","1,404","2,912","2,688","6,061","5,971","21,858","24,468","8,214","11,973","7,083","1,804",925,41.6,43
E07000176,"111,129","6,392","3,790","2,443","6,621","1,332","2,716","2,562","6,174","5,320","22,178","23,767","7,411","10,627","6,966","1,931",899,41.2,42
,,,,,,,,,,,,,,,,,,,
E12000005,"5,601,847","354,801","200,808","126,252","340,758","71,823","146,021","151,468","380,909","363,286","1,109,645","1,074,836","335,265","505,689","316,994","82,016","41,276",39.3,39
,,,,,,,,,,,,,,,,,,,
E06000019,"183,477","9,580","5,550","3,630","10,494","2,261","4,519","3,904","9,431","9,681","32,849","38,958","13,604","20,496","13,196","3,535","1,789",43.0,44
E06000051,"306,129","15,698","9,392","6,240","17,915","3,905","8,113","6,933","16,619","15,619","55,358","64,738","22,300","34,212","20,680","5,571","2,836",42.6,44
E06000021,"249,008","17,092","8,935","5,254","14,260","2,825","6,233","6,977","19,089","18,156","49,752","46,896","14,721","20,984","13,119","3,296","1,419",38.5,38
E06000020,"166,641","11,344","6,185","3,822","10,594","2,256","4,675","4,565","10,863","10,888","34,329","33,021","10,010","13,928","7,481","1,771",909,38.1,38
,,,,,,,,,,,,,,,,,,,
E10000028,"848,489","46,089","27,401","17,444","48,881","10,251","21,510","21,022","50,940","47,000","164,651","177,221","59,225","87,789","50,278","12,496","6,291",41.3,42
E07000192,"97,462","5,871","3,319","2,086","5,861","1,298","2,573","2,373","5,893","6,129","20,369","19,924","6,109","8,904","4,966","1,227",560,39.6,40
E07000193,"113,583","7,002","3,927","2,629","6,694","1,510","3,062","2,612","6,722","7,199","22,852","23,248","6,995","10,369","6,442","1,554",766,39.8,40
E07000194,"100,654","5,285","3,229","2,152","5,753","1,178","2,507","2,203","5,232","5,013","19,250","21,073","7,525","11,954","6,030","1,481",789,42.2,44
E07000195,"123,871","6,314","3,979","2,389","6,971","1,405","2,914","4,216","9,545","6,937","23,269","24,990","8,434","12,030","7,633","1,945",900,40.8,41
E07000196,"108,131","4,878","3,141","2,069","6,236","1,301","2,831","2,523","6,035","4,972","19,297","24,174","8,169","12,717","7,158","1,763",867,43.2,45
E07000197,"130,869","7,007","4,126","2,457","7,200","1,453","3,203","3,197","8,009","7,102","25,379","27,295","9,167","13,945","8,038","2,100","1,191",41.8,43
E07000198,"97,106","4,671","2,860","1,940","5,377","1,152","2,398","2,082","4,760","4,467","18,071","21,108","7,839","11,360","6,551","1,618",852,43.4,45
E07000199,"76,813","5,061","2,820","1,722","4,789",954,"2,022","1,816","4,744","5,181","16,164","15,409","4,987","6,510","3,460",808,366,38.6,39
,,,,,,,,,,,,,,,,,,,
E10000031,"545,474","31,364","17,751","11,429","31,267","6,588","13,514","12,383","32,734","32,277","108,918","111,861","36,117","53,826","32,288","8,663","4,494",40.9,41
E07000218,"62,014","3,285","1,920","1,289","3,730",741,"1,559","1,358","3,219","3,281","12,072","13,679","4,496","6,506","3,554",913,412,41.7,43
E07000219,"125,252","7,925","4,279","2,740","7,412","1,652","3,302","2,937","7,453","7,971","25,407","25,224","8,028","11,768","6,761","1,611",782,39.7,40
E07000220,"100,075","6,269","3,483","2,165","6,149","1,320","2,718","2,136","5,182","6,322","20,887","20,048","6,062","9,404","5,556","1,545",829,40.0,40
E07000221,"120,485","5,965","3,718","2,458","6,849","1,453","2,936","2,348","5,257","5,382","21,697","26,501","9,341","14,266","8,692","2,317","1,305",43.8,46
E07000222,"137,648","7,920","4,351","2,777","7,127","1,422","2,999","3,604","11,623","9,321","28,855","26,409","8,190","11,882","7,725","2,277","1,166",39.7,39
,,,,,,,,,,,,,,,,,,,
E11000005,"2,736,460","192,528","107,282","66,732","174,834","36,702","73,170","82,532","210,315","198,782","555,126","484,316","138,600","215,833","144,371","36,924","18,413",37.4,36
E08000025,"1,073,045","81,901","45,952","28,408","73,659","14,762","29,453","36,063","93,914","85,601","222,658","176,026","46,435","70,102","49,043","12,656","6,412",35.3,32
E08000026,"316,960","22,476","11,359","7,043","17,831","4,145","7,571","12,526","30,610","24,848","63,574","53,371","15,356","24,015","15,543","4,404","2,288",36.8,34
E08000027,"312,925","18,867","10,971","6,963","18,539","4,164","8,226","7,473","18,141","18,947","61,670","61,220","19,547","31,502","19,797","4,673","2,225",40.5,41
E08000028,"308,063","22,669","12,529","7,665","19,333","4,038","8,142","8,040","20,793","23,085","64,814","54,884","15,230","24,520","16,136","4,096","2,089",37.4,36
E08000029,"206,674","11,555","7,099","4,612","13,111","2,804","5,836","4,766","11,365","10,664","38,418","43,018","13,830","20,463","13,632","3,621","1,880",41.3,42
E08000030,"269,323","18,373","10,401","6,570","17,266","3,590","7,237","6,840","17,504","17,690","52,593","50,223","15,221","24,666","15,752","3,706","1,691",38.8,39
E08000031,"249,470","16,687","8,971","5,471","15,095","3,199","6,705","6,824","17,988","17,947","51,399","45,574","12,981","20,565","14,468","3,768","1,828",38.5,37
,,,,,,,,,,,,,,,,,,,
E10000034,"566,169","31,106","18,312","11,701","32,513","7,035","14,287","13,152","30,918","30,883","108,662","117,825","40,688","58,621","35,581","9,760","5,125",41.8,43
E07000234,"93,637","4,822","3,008","1,912","5,529","1,259","2,489","2,004","4,677","4,250","17,643","20,452","6,457","9,835","6,535","1,771",994,42.6,44
E07000235,"74,631","3,297","2,158","1,485","4,448","1,024","2,191","1,603","3,146","2,919","11,945","16,277","6,157","9,274","5,996","1,781",930,44.9,47
E07000236,"84,214","5,629","3,064","1,822","4,996","1,047","2,154","1,875","5,175","5,995","17,968","16,989","5,616","6,751","3,649",986,498,38.6,38
E07000237,"98,768","6,359","3,426","2,146","5,445","1,101","2,332","3,142","7,417","7,080","21,430","18,721","5,560","7,700","4,917","1,305",687,38.3,37
E07000238,"116,944","5,743","3,668","2,353","6,679","1,462","2,856","2,401","5,361","5,368","21,193","25,751","9,094","13,457","8,132","2,244","1,182",43.5,45
E07000239,"97,975","5,256","2,988","1,983","5,416","1,142","2,265","2,127","5,142","5,271","18,483","19,635","7,804","11,604","6,352","1,673",834,42.7,44
,,,,,,,,,,,,,,,,,,,
E12000006,"5,846,965","361,269","201,093","127,419","345,453","73,398","148,076","137,223","352,974","362,643","1,183,973","1,156,696","372,566","531,393","350,137","93,653","48,999",40.2,40
,,,,,,,,,,,,,,,,,,,
E06000055,"157,479","10,099","5,742","3,634","9,955","2,178","4,267","4,005","9,640","10,134","32,838","30,816","9,303","12,761","8,680","2,297","1,130",38.9,39
E06000056,"254,381","16,009","9,162","5,805","15,480","3,323","6,571","5,441","13,598","14,484","53,597","54,730","16,292","21,945","13,232","3,175","1,537",39.6,40
E06000032,"203,201","16,592","8,809","5,412","13,211","2,732","5,425","5,404","16,621","18,812","43,926","34,030","8,346","12,644","8,440","1,877",920,34.8,32
E06000031,"183,631","13,904","7,088","4,336","11,349","2,459","4,741","4,298","12,502","15,046","40,315","33,333","9,382","12,701","8,829","2,258","1,090",36.9,35
E06000033,"173,658","11,213","5,783","3,715","10,194","2,132","4,322","3,730","9,832","11,282","36,929","33,309","10,419","15,184","10,548","3,223","1,843",40.2,40
E06000034,"157,705","12,005","6,428","3,803","9,949","2,113","4,117","3,623","9,804","11,162","36,566","29,375","8,739","10,738","6,657","1,844",782,36.8,36
,,,,,,,,,,,,,,,,,,,
E10000003,"621,210","36,828","20,516","13,179","34,810","7,408","14,939","17,105","44,194","41,721","130,927","121,138","38,216","53,140","33,216","9,046","4,827",39.5,39
E07000008,"123,867","6,703","3,186","1,887","5,006","1,078","2,446","6,714","18,076","13,341","27,507","18,349","4,973","6,877","5,028","1,682","1,014",35.6,31
E07000009,"83,818","5,506","3,098","1,918","4,812","1,003","2,004","1,547","4,110","4,895","18,271","16,878","5,469","7,540","4,867","1,244",656,40.2,40
E07000010,"95,262","5,221","2,889","1,952","5,525","1,193","2,391","2,024","5,353","5,597","17,850","19,332","6,616","10,095","6,698","1,690",836,42.1,43
E07000011,"169,508","10,098","5,860","3,844","10,361","2,188","4,309","3,821","9,507","9,805","35,342","35,671","11,402","15,489","8,457","2,186","1,168",39.9,41
E07000012,"148,755","9,300","5,483","3,578","9,106","1,946","3,789","2,999","7,148","8,083","31,957","30,908","9,756","13,139","8,166","2,244","1,153",40.1,41
,,,,,,,,,,,,,,,,,,,
E10000012,"1,393,587","81,796","47,295","30,296","83,001","17,478","35,911","32,392","79,047","78,007","275,860","282,575","94,496","133,323","86,926","22,971","12,213",40.9,41
E07000066,"174,497","11,405","6,537","4,128","10,891","2,338","4,625","4,075","10,089","10,936","36,700","34,388","10,497","14,485","9,868","2,375","1,160",39.1,39
E07000067,"147,084","9,467","5,345","3,384","8,943","1,847","3,640","3,182","7,957","8,373","30,487","30,079","9,967","13,033","7,872","2,258","1,250",40.0,41
E07000068,"73,601","3,926","2,452","1,605","4,585",918,"2,068","1,509","3,648","3,819","14,615","15,648","4,759","6,893","4,966","1,453",737,41.6,43
E07000069,"88,011","4,173","2,643","1,752","5,188","1,113","2,317","2,047","4,740","4,212","15,612","18,077","7,136","10,485","6,202","1,532",782,43.2,45
E07000070,"168,310","9,994","5,784","3,747","9,747","2,035","4,415","3,804","9,875","10,643","35,162","34,114","10,972","14,708","9,538","2,495","1,277",40.1,40
E07000071,"173,074","10,647","5,841","3,562","9,606","1,991","4,134","5,586","13,886","11,947","35,620","32,104","10,842","14,443","9,147","2,398","1,320",38.9,38
E07000072,"124,659","7,366","4,193","2,638","7,235","1,519","3,094","2,771","6,663","6,624","25,542","26,169","8,295","11,464","7,743","2,178","1,165",41.1,42
E07000073,"81,944","6,020","3,045","1,872","4,929","1,017","2,196","1,831","4,858","5,970","17,699","16,059","4,143","5,913","4,783","1,085",524,38.2,37
E07000074,"61,629","3,027","1,924","1,337","3,726",811,"1,533","1,218","2,883","2,480","11,430","13,785","5,101","6,976","3,879",916,603,43.0,45
E07000075,"83,287","4,369","2,608","1,760","5,141","1,138","2,221","1,771","4,138","3,729","16,073","17,554","6,106","8,833","5,725","1,435",686,42.3,44
E07000076,"138,048","6,753","3,940","2,562","7,671","1,627","3,380","2,963","6,709","5,672","21,166","26,984","11,348","18,828","12,797","3,653","1,995",45.7,48
E07000077,"79,443","4,649","2,983","1,949","5,339","1,124","2,288","1,635","3,601","3,602","15,754","17,614","5,330","7,262","4,406","1,193",714,40.6,42
,,,,,,,,,,,,,,,,,,,
E10000015,"1,116,062","74,066","40,712","25,644","68,824","14,278","29,307","25,476","65,239","69,805","241,763","224,554","62,479","87,590","61,248","16,520","8,557",39.0,39
E07000095,"93,609","6,175","3,409","2,141","5,903","1,131","2,459","2,240","5,620","5,671","19,809","18,406","5,349","8,045","5,436","1,246",569,39.1,39
E07000096,"144,847","9,718","5,139","3,269","8,862","1,876","3,802","3,037","7,919","8,671","30,941","30,356","8,374","11,310","8,198","2,267","1,108",39.4,40
E07000097,"137,687","8,299","5,003","3,254","9,096","1,896","3,987","2,755","6,411","7,328","30,451","29,608","8,346","11,207","7,248","1,824",974,39.5,40
E07000098,"100,031","6,707","3,673","2,296","6,212","1,302","2,721","2,094","5,869","6,099","20,683","20,269","5,778","7,998","5,674","1,748",908,39.4,39
E07000099,"127,114","8,027","4,559","2,842","7,669","1,629","3,217","2,524","6,126","7,582","27,517","25,953","7,758","10,833","7,501","2,215","1,162",40.2,40
E07000100,"140,664","10,296","5,629","3,453","8,926","1,770","3,641","2,561","6,342","7,831","32,409","28,120","7,910","11,049","7,533","2,092","1,102",38.9,39
E07000101,"83,957","5,906","3,064","1,907","5,100","1,114","2,299","2,178","5,448","6,089","17,773","17,053","4,154","5,994","4,331","1,035",512,37.8,37
E07000102,"87,317","5,433","3,190","2,059","5,673","1,143","2,333","1,823","4,357","4,716","18,269","18,301","5,314","7,327","5,167","1,425",787,40.0,41
E07000103,"90,301","6,730","3,353","2,083","5,298","1,144","2,145","2,013","5,711","8,053","22,469","16,155","3,996","5,743","3,829","1,013",566,36.5,35
E07000104,"110,535","6,775","3,693","2,340","6,085","1,273","2,703","4,251","11,436","7,765","21,442","20,333","5,500","8,084","6,331","1,655",869,38.0,36
,,,,,,,,,,,,,,,,,,,
E10000020,"857,888","46,531","25,317","16,340","46,376","10,421","20,122","20,071","51,984","49,508","154,289","168,410","63,288","96,126","63,291","17,068","8,746",42.7,43
E07000143,"130,491","7,412","3,917","2,516","7,411","1,728","3,155","2,749","7,303","7,334","23,353","25,704","9,771","14,807","9,469","2,544","1,318",42.6,44
E07000144,"124,646","6,053","3,763","2,476","7,173","1,524","3,064","2,499","5,482","5,345","23,158","26,586","9,707","14,464","9,521","2,499","1,332",43.9,45
E07000145,"97,277","5,528","2,977","1,953","5,584","1,487","2,475","2,279","5,942","5,731","16,673","19,049","7,228","10,857","6,812","1,812",890,42.1,43
E07000146,"147,451","7,970","4,372","2,889","7,888","1,693","3,523","2,981","8,069","8,285","25,570","29,117","11,253","17,793","11,584","3,016","1,448",43.5,45
E07000147,"101,499","4,327","2,470","1,680","4,954","1,238","2,205","1,911","4,542","4,279","14,596","20,861","9,239","14,820","10,205","2,682","1,490",47.5,51
E07000148,"132,512","8,425","3,953","2,314","5,809","1,206","2,498","5,134","15,289","12,794","28,100","21,128","6,517","9,242","6,812","2,134","1,157",37.4,34
E07000149,"124,012","6,816","3,865","2,512","7,557","1,545","3,202","2,518","5,357","5,740","22,839","25,965","9,573","14,143","8,888","2,381","1,111",43.0,45
,,,,,,,,,,,,,,,,,,,
E10000029,"728,163","42,226","24,241","15,255","42,304","8,876","18,354","15,678","40,513","42,682","136,963","144,426","51,606","75,241","49,070","13,374","7,354",41.7,42
E07000200,"87,740","4,451","2,983","1,885","5,476","1,124","2,322","1,675","3,958","3,795","15,844","18,485","6,986","10,010","6,196","1,660",890,43.1,45
E07000201,"59,748","4,123","2,020","1,203","3,092",626,"1,210","1,124","4,675","5,508","12,519","10,372","3,582","5,063","3,332",909,390,38.8,37
E07000202,"133,384","9,250","4,835","2,795","7,552","1,556","3,524","3,556","9,562","10,877","28,512","24,398","7,137","9,601","7,111","2,011","1,107",38.0,36
E07000203,"96,731","5,266","3,235","2,159","5,883","1,281","2,410","1,938","4,537","4,585","17,602","20,818","7,546","10,637","6,280","1,675",879,42.4,44
E07000204,"111,008","6,663","3,692","2,343","6,337","1,290","2,830","2,346","6,493","7,211","21,776","21,530","7,507","11,275","6,799","1,832","1,084",41.0,41
E07000205,"124,298","6,243","3,938","2,547","7,547","1,622","3,225","2,495","5,325","4,992","21,059","26,582","9,918","14,654","9,919","2,702","1,530",44.2,46
E07000206,"115,254","6,230","3,538","2,323","6,417","1,377","2,833","2,544","5,963","5,714","19,651","22,241","8,930","14,001","9,433","2,585","1,474",43.9,45
,,,,,,,,,,,,,,,,,,,
E12000007,"8,173,941","591,495","301,095","181,714","456,865","93,599","186,626","191,434","629,972","832,966","2,070,954","1,389,882","342,590","473,058","308,661","80,574","42,456",35.6,33
,,,,,,,,,,,,,,,,,,,
E13000001,"3,231,901","225,908","110,881","66,358","160,150","31,751","61,718","75,690","291,156","421,780","904,622","493,863","110,445","151,216","91,997","22,678","11,688",34.0,32
E09000007,"220,338","13,168","6,781","4,117","9,594","1,805","3,540","7,178","21,863","25,923","59,573","33,564","9,255","12,937","7,897","2,048","1,095",35.7,33
E09000001,"7,375",236,117,65,169,33,72,92,545,956,"2,045","1,547",463,587,331,75,42,41.4,39
E09000012,"246,270","19,149","9,618","5,742","13,878","2,738","5,270","5,402","21,685","33,838","68,805","35,479","7,271","9,673","5,775","1,324",623,32.4,30
E09000013,"182,493","11,900","5,446","3,113","7,621","1,550","2,883","3,483","17,279","26,021","52,859","27,248","6,677","9,102","5,300","1,297",714,34.7,32
E09000014,"254,926","18,112","9,798","5,977","15,234","2,949","5,600","5,704","18,835","28,062","71,358","41,685","9,243","12,575","7,373","1,576",845,34.2,32
E09000019,"206,125","12,289","5,900","3,683","9,118","1,835","3,560","5,405","20,453","29,744","57,433","31,441","7,228","9,885","6,020","1,443",688,34.5,31
E09000020,"158,649","9,189","4,765","2,849","6,442","1,137","2,308","3,030","11,322","16,602","45,177","28,537","8,176","10,928","5,720","1,539",928,37.8,36
E09000022,"303,086","20,701","10,196","6,180","14,754","2,955","5,576","5,527","26,702","43,135","87,291","47,870","9,012","12,617","7,725","1,936",909,33.7,31
E09000023,"275,885","22,004","10,580","6,085","15,268","3,199","6,371","6,557","20,883","26,465","74,795","47,754","9,789","13,641","9,013","2,271","1,210",34.6,33
E09000025,"307,984","25,384","12,846","7,988","19,587","4,089","7,934","8,388","32,586","40,437","76,602","43,017","8,533","11,461","6,796","1,567",769,31.3,29
E09000028,"288,283","20,739","9,836","5,726","14,097","2,984","5,656","7,326","26,996","35,725","80,522","47,275","9,072","11,979","7,466","1,949",935,33.7,32
E09000030,"254,096","18,750","9,697","5,834","13,202","2,660","4,953","7,010","30,818","40,157","70,245","29,337","5,863","8,169","5,611","1,256",534,30.9,29
E09000032,"306,995","21,670","9,230","5,344","12,521","2,241","4,621","5,541","23,699","47,217","93,803","43,539","10,658","14,455","8,763","2,355","1,338",34.5,32
E09000033,"219,396","12,617","6,071","3,655","8,665","1,576","3,374","5,047","17,490","27,498","64,114","35,570","9,205","13,207","8,207","2,042","1,058",36.7,34
,,,,,,,,,,,,,,,,,,,
E13000002,"4,942,040","365,587","190,214","115,356","296,715","61,848","124,908","115,744","338,816","411,186","1,166,332","896,019","232,145","321,842","216,664","57,896","30,768",36.6,35
E09000002,"185,911","18,676","8,989","5,342","12,757","2,534","5,246","4,805","13,053","14,971","43,463","29,955","6,799","9,276","6,982","2,102",961,33.4,32
E09000003,"356,386","26,239","13,804","8,548","21,293","4,350","8,839","7,391","23,913","31,425","83,864","62,376","16,912","23,723","16,034","4,785","2,890",36.8,35
E09000004,"231,997","15,182","8,535","5,480","15,018","3,351","6,574","5,903","14,832","14,041","47,146","45,928","12,795","18,695","13,408","3,403","1,706",38.8,39
E09000005,"311,215","22,446","11,521","7,127","17,942","3,721","7,607","7,261","24,198","34,698","76,288","53,462","12,268","17,944","11,137","2,408","1,187",35.0,32
E09000006,"309,392","20,095","11,161","6,900","18,612","3,818","7,912","6,182","16,119","17,887","68,132","62,045","18,492","25,770","18,452","5,086","2,729",39.9,40
E09000008,"363,378","27,972","14,388","8,708","23,130","4,912","9,934","8,720","23,591","27,692","82,439","70,488","17,029","23,155","15,318","3,881","2,021",36.4,35
E09000009,"338,449","25,426","12,595","7,790","19,043","4,023","7,728","6,922","24,552","33,998","87,446","58,503","14,196","19,419","12,152","3,023","1,633",35.4,33
E09000010,"312,466","24,513","13,047","7,883","20,305","4,253","8,547","7,711","21,726","24,957","70,185","56,854","13,652","20,392","13,159","3,449","1,833",35.9,34
E09000011,"254,557","20,945","10,443","5,882","14,984","3,140","5,978","6,943","19,987","22,113","65,585","42,269","10,172","13,675","8,692","2,452","1,297",34.6,33
E09000015,"239,056","15,916","9,007","5,414","14,590","3,131","6,604","5,369","16,066","19,345","53,358","44,579","12,010","17,420","11,659","2,982","1,606",37.6,36
E09000016,"237,232","13,661","8,143","5,087","14,365","3,132","6,439","5,787","14,976","14,662","46,289","47,853","14,561","20,561","15,660","4,196","1,860",40.4,40
E09000017,"273,936","19,704","10,494","6,421","16,877","3,397","7,227","8,409","21,934","20,878","61,198","49,433","12,786","18,061","12,425","3,036","1,656",36.4,35
E09000018,"253,957","19,725","9,412","5,487","13,945","2,964","5,954","5,759","18,612","26,231","64,753","43,411","10,845","14,592","8,982","2,220","1,065",35.2,33
E09000021,"160,060","10,964","5,647","3,319","8,541","1,799","3,422","4,643","13,505","12,358","38,920","28,602","7,982","10,241","6,775","2,136","1,206",37.0,35
E09000024,"199,693","14,830","7,225","4,182","10,474","2,142","4,418","3,849","12,452","19,877","53,663","34,682","8,777","11,880","7,965","2,105","1,172",36.3,34
E09000026,"278,970","21,666","11,561","7,363","18,579","3,689","7,527","6,721","18,894","23,814","64,231","48,962","12,578","16,817","11,553","3,225","1,790",35.6,34
E09000027,"186,990","14,038","6,986","4,121","9,827","1,966","3,621","3,498","9,145","12,546","49,396","36,408","10,142","13,023","8,234","2,503","1,536",38.3,38
E09000029,"190,146","12,750","6,897","4,198","11,673","2,470","5,097","3,920","10,657","13,185","44,453","37,247","10,366","13,785","9,448","2,637","1,363",38.3,38
E09000031,"258,249","20,839","10,359","6,104","14,760","3,056","6,234","5,951","20,604","26,508","65,523","42,962","9,783","13,413","8,629","2,267","1,257",34.4,32
,,,,,,,,,,,,,,,,,,,
E12000008,"8,634,750","534,235","299,327","188,731","512,875","106,916","217,612","217,156","534,287","528,057","1,761,278","1,716,857","535,399","763,695","501,118","139,576","77,631",40.0,40
,,,,,,,,,,,,,,,,,,,
E06000036,"113,205","8,027","4,218","2,527","7,082","1,608","3,198","2,425","6,349","7,721","26,631","23,439","5,833","7,520","4,742","1,247",638,37.4,37
E06000043,"273,369","15,015","8,186","5,105","13,412","2,627","5,602","9,810","28,129","22,998","65,653","48,426","12,714","17,460","12,248","3,758","2,226",37.4,35
E06000046,"138,265","6,412","3,945","2,597","7,968","1,754","3,492","2,944","6,808","6,690","23,176","28,531","10,994","17,112","10,772","3,257","1,813",44.4,46
E06000035,"263,925","17,224","9,732","6,235","16,765","3,458","7,463","8,110","19,041","17,581","54,321","51,536","15,454","20,652","11,946","2,915","1,492",37.7,37
E06000042,"248,821","19,908","10,263","6,205","15,805","3,211","6,339","5,170","14,056","19,596","59,548","48,040","13,169","15,467","8,494","2,371","1,179",36.1,35
E06000044,"205,056","13,548","6,970","4,061","10,927","2,294","4,628","9,034","22,761","16,991","41,524","35,086","9,820","13,861","9,210","2,792","1,549",36.5,34
E06000038,"155,698","11,937","5,463","3,093","7,968","1,655","3,279","4,875","14,574","15,113","38,506","25,030","6,373","9,058","6,132","1,704",938,35.3,33
E06000039,"140,205","12,777","6,276","3,718","9,034","1,755","3,664","3,155","9,574","13,351","35,902","23,015","5,160","6,637","4,505","1,103",579,33.5,32
E06000045,"236,882","15,407","7,406","4,441","11,555","2,539","4,801","10,602","29,384","21,785","48,888","38,352","10,946","15,443","10,661","3,084","1,588",36.1,32
E06000037,"153,822","10,065","5,512","3,505","9,914","2,095","4,303","3,235","7,341","8,506","33,010","32,957","9,753","12,949","7,590","2,065","1,022",39.4,40
E06000040,"144,560","9,365","5,252","3,332","8,863","1,848","3,910","2,585","7,111","8,841","31,949","28,735","8,692","12,424","8,164","2,243","1,246",39.8,40
E06000041,"154,380","10,031","5,758","3,793","9,740","2,048","4,090","3,349","7,428","8,071","33,741","33,116","9,426","13,052","7,791","1,896","1,050",39.4,40
,,,,,,,,,,,,,,,,,,,
E10000002,"505,283","31,832","18,799","12,140","32,552","6,726","13,496","10,946","25,974","27,607","103,397","106,421","31,242","44,690","28,249","7,287","3,925",39.8,41
E07000004,"174,137","11,345","6,475","4,069","11,267","2,414","4,734","3,736","8,763","9,872","37,160","37,525","10,741","14,209","8,476","2,173","1,178",39.1,40
E07000005,"92,635","5,473","3,510","2,350","6,339","1,284","2,524","1,751","3,693","3,706","17,124","20,649","6,264","9,332","6,141","1,635",860,41.6,44
E07000006,"66,867","3,931","2,291","1,526","4,090",828,"1,736","1,333","3,114","3,414","12,723","14,647","4,283","6,552","4,478","1,234",687,41.8,43
E07000007,"171,644","11,083","6,523","4,195","10,856","2,200","4,502","4,126","10,404","10,615","36,390","33,600","9,954","14,597","9,154","2,245","1,200",38.9,39
,,,,,,,,,,,,,,,,,,,
E10000011,"526,671","27,456","16,415","10,649","30,390","6,246","13,285","11,904","26,479","25,818","90,763","107,981","39,522","58,766","41,131","12,349","7,517",43.6,45
E07000061,"99,412","5,327","2,978","1,889","5,380","1,147","2,487","2,617","6,093","6,063","18,195","18,294","6,639","10,085","8,020","2,586","1,612",42.8,43
E07000062,"90,254","5,570","2,925","1,847","5,317","1,107","2,358","2,294","5,769","5,621","17,677","18,276","6,092","7,949","5,036","1,515",901,40.2,41
E07000063,"97,502","5,052","3,158","2,071","5,551","1,136","2,366","2,077","4,679","4,596","16,907","20,541","7,214","10,889","7,731","2,232","1,302",43.7,45
E07000064,"90,588","3,999","2,488","1,608","5,119","1,015","2,237","1,786","3,632","3,377","13,026","18,576","7,962","12,265","8,874","2,836","1,788",47.2,50
E07000065,"148,915","7,508","4,866","3,234","9,023","1,841","3,837","3,130","6,306","6,161","24,958","32,294","11,615","17,578","11,470","3,180","1,914",44.0,46
,,,,,,,,,,,,,,,,,,,
E10000014,"1,317,788","77,307","44,818","28,446","78,870","16,964","33,756","29,301","71,399","71,087","259,061","275,328","88,079","126,964","82,172","22,233","12,003",41.1,42
E07000084,"167,799","11,355","6,085","3,862","10,369","2,181","4,087","3,342","8,910","11,034","37,514","34,720","10,189","13,447","7,806","1,945",953,38.7,39
E07000085,"115,608","6,209","3,874","2,638","7,305","1,563","3,252","2,516","5,382","5,101","21,265","25,964","8,236","11,806","7,313","2,045","1,139",42.0,44
E07000086,"125,199","7,737","4,317","2,666","7,399","1,598","3,205","2,724","7,269","7,295","25,844","26,240","8,074","10,931","7,110","1,838",952,40.1,41
E07000087,"111,581","5,578","3,506","2,292","6,696","1,356","2,874","2,453","5,761","5,406","21,043","24,004","7,836","11,821","7,878","2,024","1,053",42.6,44
E07000088,"82,622","5,425","2,930","1,795","4,936","1,134","2,061","1,915","4,979","5,405","16,326","16,438","5,172","7,203","4,912","1,327",664,39.8,40
E07000089,"91,033","5,663","3,527","2,207","5,795","1,160","2,308","1,720","4,261","4,542","19,628","19,323","5,881","8,424","4,752","1,209",633,40.0,41
E07000090,"120,684","6,710","3,944","2,448","7,195","1,580","3,145","2,890","6,798","6,444","21,001","24,908","8,196","12,865","9,134","2,254","1,172",42.3,44
E07000091,"176,462","8,592","5,100","3,412","9,665","2,179","3,988","3,559","8,146","7,544","29,185","37,061","13,889","21,426","15,384","4,681","2,651",45.2,47
E07000092,"93,807","6,747","3,550","2,018","5,440","1,198","2,532","2,286","6,682","7,282","22,579","17,438","4,611","6,242","3,626","1,015",561,36.6,36
E07000093,"116,398","6,711","4,014","2,582","7,117","1,560","3,051","2,470","5,694","5,399","22,666","25,414","8,323","11,635","6,925","1,826","1,011",41.4,43
E07000094,"116,595","6,580","3,971","2,526","6,953","1,455","3,253","3,426","7,517","5,635","22,010","23,818","7,672","11,164","7,332","2,069","1,214",40.9,42
,,,,,,,,,,,,,,,,,,,
E10000016,"1,463,740","89,076","51,228","32,919","91,396","18,935","39,259","37,792","87,679","83,297","282,886","290,483","96,484","137,517","87,948","23,683","13,158",40.3,41
E07000105,"117,956","7,771","4,361","2,997","7,838","1,578","3,164","2,879","6,245","6,470","23,590","23,416","7,679","10,809","6,426","1,792",941,39.6,40
E07000106,"151,145","7,514","4,533","2,973","8,393","1,761","3,656","7,892","16,222","8,658","24,642","26,800","9,656","14,341","9,540","2,921","1,643",40.0,39
E07000107,"97,365","6,765","3,731","2,248","5,922","1,357","2,461","2,187","6,199","7,081","21,841","18,528","5,093","7,098","4,977","1,240",637,37.8,37
E07000108,"111,674","6,259","3,567","2,312","6,657","1,497","2,959","2,549","5,844","5,891","19,935","23,463","8,224","11,921","7,403","2,022","1,171",42.1,44
E07000109,"101,720","6,647","3,894","2,381","6,529","1,305","2,942","2,476","6,502","6,618","20,673","19,589","5,874","8,517","5,725","1,348",700,38.7,39
E07000110,"155,143","9,553","5,406","3,379","9,443","1,886","4,017","3,368","8,633","9,641","31,704","31,398","10,201","14,269","8,731","2,285","1,229",40.1,41
E07000111,"114,893","6,976","4,261","2,672","7,093","1,410","3,180","2,287","5,232","5,234","22,377","24,316","8,188","11,284","7,446","1,908","1,029",41.4,43
E07000112,"107,969","5,996","3,333","2,242","6,331","1,307","2,796","2,487","6,200","5,591","19,532","21,597","8,142","11,593","7,413","2,141","1,268",42.4,43
E07000113,"135,835","8,747","4,799","3,173","8,780","1,797","3,664","3,249","7,790","8,180","26,342","27,467","9,224","12,691","7,273","1,744",915,39.6,40
E07000114,"134,186","8,093","4,436","2,805","8,570","1,726","3,473","3,394","7,396","7,320","23,092","25,887","9,581","14,309","9,571","2,866","1,667",41.9,43
E07000115,"120,805","7,447","4,665","3,003","8,169","1,700","3,644","2,734","5,841","5,804","24,880","24,898","7,593","11,041","6,950","1,580",856,39.8,41
E07000116,"115,049","7,308","4,242","2,734","7,671","1,611","3,303","2,290","5,575","6,809","24,278","23,124","7,029","9,644","6,493","1,836","1,102",39.6,40
,,,,,,,,,,,,,,,,,,,
E10000025,"653,798","41,056","22,181","13,850","37,335","7,818","15,721","18,937","47,593","46,830","135,280","125,441","38,014","54,422","34,637","9,523","5,160",38.9,38
E07000177,"141,868","9,819","5,170","3,126","8,588","1,743","3,541","3,124","7,590","9,577","30,974","28,476","8,441","11,546","7,334","1,851",968,38.9,39
E07000178,"151,906","9,251","4,545","2,861","7,114","1,410","3,200","8,302","22,554","17,096","31,340","21,669","5,924","8,352","5,591","1,742",955,34.3,29
E07000179,"134,257","8,213","4,809","3,034","8,210","1,759","3,262","2,720","6,214","7,155","27,580","28,199","8,722","13,040","7,965","2,195","1,180",40.9,42
E07000180,"120,988","7,411","4,128","2,599","7,367","1,616","3,188","2,613","5,927","6,959","24,177","25,262","7,980","11,371","7,338","1,979","1,073",40.8,41
E07000181,"104,779","6,362","3,529","2,230","6,056","1,290","2,530","2,178","5,308","6,043","21,209","21,835","6,947","10,113","6,409","1,756",984,41.1,42
,,,,,,,,,,,,,,,,,,,
E10000030,"1,132,390","71,306","40,532","25,309","67,566","13,778","28,145","25,753","61,519","62,154","240,551","231,932","69,379","97,839","66,584","19,135","10,908",40.2,40
E07000207,"130,875","9,358","5,322","3,317","8,315","1,558","3,258","2,339","5,109","6,036","29,607","27,470","7,668","10,540","7,316","2,344","1,318",39.8,40
E07000208,"75,102","4,628","2,689","1,726","4,737",951,"1,988","1,745","4,182","3,952","15,912","15,251","4,766","6,374","4,267","1,249",685,40.0,40
E07000209,"137,183","8,110","4,663","2,862","7,466","1,493","3,011","4,443","11,292","9,268","28,757","26,494","7,931","10,858","7,329","2,020","1,186",39.0,38
E07000210,"85,375","4,604","2,839","1,893","5,348","1,111","2,271","1,630","3,559","3,753","16,101","18,662","5,930","8,872","6,117","1,704",981,42.7,44
E07000211,"137,835","9,153","4,978","3,113","8,218","1,648","3,322","2,706","6,965","8,147","30,497","27,889","8,466","11,181","7,701","2,427","1,424",39.9,40
E07000212,"80,510","4,802","2,531","1,537","4,147",840,"1,708","2,913","6,967","4,512","16,758","15,710","4,617","6,608","4,803","1,350",707,39.7,39
E07000213,"95,598","6,017","3,200","1,965","5,175","1,152","2,260","1,984","5,179","5,940","20,700","19,735","5,611","8,507","5,841","1,547",785,40.4,41
E07000214,"86,144","5,129","3,145","2,008","5,464","1,096","2,288","1,747","4,207","4,581","18,306","18,481","5,287","7,668","4,909","1,182",646,40.2,41
E07000215,"82,998","4,886","2,895","1,820","5,391","1,084","2,253","1,647","3,997","3,905","16,255","17,898","5,612","7,890","5,174","1,417",874,41.3,43
E07000216,"121,572","7,341","4,548","2,787","7,727","1,691","3,523","2,696","5,101","5,248","24,065","24,987","8,036","11,961","7,990","2,368","1,503",41.5,42
E07000217,"99,198","7,278","3,722","2,281","5,578","1,154","2,263","1,903","4,961","6,812","23,593","19,355","5,455","7,380","5,137","1,527",799,38.7,38
,,,,,,,,,,,,,,,,,,,
E10000032,"806,892","46,486","26,373","16,806","45,733","9,557","19,181","17,229","41,088","44,020","156,491","163,008","54,345","81,862","58,142","16,931","9,640",42.3,43
E07000223,"61,182","3,537","1,899","1,211","3,173",783,"1,501","1,256","2,982","3,131","11,842","12,132","4,301","6,715","4,684","1,348",687,43.0,44
E07000224,"149,518","7,386","4,180","2,788","7,416","1,584","3,139","3,208","7,443","7,314","25,426","28,947","11,359","19,235","13,595","4,116","2,382",45.5,47
E07000225,"113,794","5,652","3,375","2,255","6,092","1,259","2,368","2,890","6,200","5,150","18,823","23,286","8,550","13,770","9,832","2,761","1,531",44.5,46
E07000226,"106,597","8,071","4,074","2,412","6,244","1,247","2,652","2,320","6,816","9,044","25,372","19,715","5,162","6,267","5,154","1,421",626,36.8,35
E07000227,"131,301","7,151","4,379","2,872","8,469","1,672","3,551","2,653","5,660","5,858","25,242","29,115","9,109","13,130","8,717","2,356","1,367",42.1,44
E07000228,"139,860","8,343","5,028","3,147","8,755","1,832","3,700","2,693","6,490","7,510","28,500","29,267","9,288","12,804","8,605","2,425","1,473",41.0,42
E07000229,"104,640","6,346","3,438","2,121","5,584","1,180","2,270","2,209","5,497","6,013","21,286","20,546","6,576","9,941","7,555","2,504","1,574",42.2,42
,,,,,,,,,,,,,,,,,,,
E12000009,"5,288,935","296,094","166,138","106,551","296,892","64,003","128,935","135,139","333,166","307,159","994,693","1,063,214","361,507","532,902","348,759","99,900","53,883",41.6,42
,,,,,,,,,,,,,,,,,,,
E06000022,"176,016","9,238","5,192","3,508","9,568","2,071","4,125","7,086","15,995","10,141","32,400","34,073","10,802","15,928","10,981","3,249","1,659",40.3,40
E06000028,"183,491","10,275","4,862","2,999","8,399","1,732","3,517","6,141","17,130","14,935","39,070","31,930","10,190","14,661","11,504","3,834","2,312",40.0,38
E06000023,"428,234","29,633","14,371","8,466","21,703","4,408","8,922","13,711","44,371","40,752","95,160","70,787","20,078","27,725","19,235","5,798","3,114",36.5,33
E06000052,"532,273","27,366","15,714","10,359","29,972","6,530","12,575","12,695","28,357","26,373","93,598","110,882","42,611","61,767","37,746","10,218","5,510",43.3,45
E06000053,"2,203",105,65,40,114,22,7,27,111,135,427,472,172,271,165,37,33,44.7,46
E06000024,"202,566","11,653","6,681","4,343","11,579","2,396","4,749","4,181","9,491","10,363","38,286","41,557","14,654","22,071","14,043","4,175","2,344",42.6,44
E06000026,"256,384","15,336","7,956","4,991","13,645","2,954","6,011","8,839","24,343","18,888","48,662","47,904","15,140","21,999","14,098","3,639","1,979",39.0,38
E06000029,"147,645","8,450","4,687","2,896","7,924","1,702","3,557","3,361","8,180","8,712","28,855","29,335","9,828","14,563","10,676","3,167","1,752",42.1,42
E06000025,"262,767","15,925","8,967","5,641","15,858","3,539","6,958","7,102","15,458","15,606","53,974","53,582","15,748","24,040","14,835","3,648","1,886",39.8,40
E06000030,"209,156","14,083","7,551","4,722","12,433","2,593","5,141","4,690","12,859","15,075","48,338","41,827","10,990","15,160","9,899","2,616","1,179",38.1,38
E06000027,"130,959","6,690","3,851","2,426","7,092","1,610","3,120","2,839","6,779","6,700","22,055","26,774","10,169","15,564","10,219","3,190","1,881",44.2,46
E06000054,"470,981","28,373","16,588","10,611","29,276","6,120","12,432","10,645","24,720","25,471","91,597","98,414","31,246","45,070","28,456","7,725","4,237",40.8,42
,,,,,,,,,,,,,,,,,,,
E10000008,"746,399","37,479","22,022","14,310","40,518","8,845","17,586","18,977","42,929","36,415","126,570","154,693","57,629","86,420","56,246","16,645","9,115",43.7,45
E07000040,"132,457","5,846","3,640","2,374","7,074","1,521","3,121","2,678","5,517","5,201","20,553","26,679","10,907","18,126","12,877","4,043","2,300",46.9,49
E07000041,"117,773","6,747","3,453","2,082","5,329","1,096","2,343","5,957","14,155","9,027","23,002","20,166","6,147","8,747","6,436","2,011","1,075",38.1,35
E07000042,"77,750","4,498","2,592","1,651","4,713","1,096","1,941","1,619","3,675","3,888","13,848","16,533","5,831","8,512","5,163","1,430",760,42.3,44
E07000043,"93,667","5,014","2,930","1,871","5,286","1,188","2,317","2,070","4,821","4,565","16,192","19,366","7,239","10,937","6,856","1,911","1,104",43.3,45
E07000044,"83,140","3,677","2,333","1,624","4,602","1,036","1,979","1,677","3,648","3,424","12,777","19,130","7,479","10,503","6,462","1,828",961,45.3,48
E07000045,"124,220","5,984","3,670","2,371","6,966","1,491","3,028","2,638","5,694","5,432","20,957","26,993","9,980","14,749","9,659","2,997","1,611",44.6,47
E07000046,"63,839","3,157","1,814","1,277","3,493",777,"1,559","1,295","3,025","2,634","10,503","13,768","5,559","8,167","4,851","1,306",654,44.6,47
E07000047,"53,553","2,556","1,590","1,060","3,055",640,"1,298","1,043","2,394","2,244","8,738","12,058","4,487","6,679","3,942","1,119",650,44.6,47
,,,,,,,,,,,,,,,,,,,
E10000009,"412,905","19,333","11,864","7,979","23,023","5,110","10,393","8,619","19,450","17,091","66,924","85,770","33,204","51,990","36,092","10,435","5,628",45.2,47
E07000048,"47,752","2,143","1,360",854,"2,562",544,"1,071",897,"2,063","1,882","7,474","8,994","3,721","6,543","5,150","1,620",874,47.1,49
E07000049,"87,166","3,737","2,457","1,635","4,702","1,078","1,983","1,740","3,632","3,013","13,155","18,360","7,355","11,809","8,677","2,526","1,307",46.9,49
E07000050,"68,583","3,647","2,171","1,400","4,204",931,"2,043","1,535","3,402","3,197","12,109","13,999","5,146","7,709","4,940","1,389",761,42.8,44
E07000051,"44,973","2,114","1,315",899,"2,428",539,"1,110",885,"2,165","1,998","7,385","9,465","3,723","5,648","3,767","1,038",494,44.9,47
E07000052,"99,264","4,343","2,633","1,882","5,579","1,291","2,626","1,954","4,300","3,607","15,208","21,220","8,343","13,101","9,027","2,620","1,530",46.2,49
E07000053,"65,167","3,349","1,928","1,309","3,548",727,"1,560","1,608","3,888","3,394","11,593","13,732","4,916","7,180","4,531","1,242",662,42.8,44
,,,,,,,,,,,,,,,,,,,
E10000013,"596,984","33,438","19,059","12,481","34,479","7,294","15,474","14,363","34,958","33,994","116,039","124,311","39,739","58,210","36,976","10,671","5,498",41.3,42
E07000078,"115,732","6,486","3,483","2,206","6,201","1,348","2,874","3,334","9,185","9,324","24,033","21,544","6,385","9,411","6,592","2,161","1,165",39.5,38
E07000079,"82,881","3,929","2,459","1,667","4,746",942,"2,001","1,858","3,837","3,416","14,629","18,529","6,379","9,426","6,281","1,816",966,44.2,46
E07000080,"81,961","4,055","2,480","1,639","4,779","1,061","2,409","2,048","4,200","3,601","14,337","17,985","6,381","9,380","5,374","1,455",777,43.0,45
E07000081,"121,688","8,239","4,324","2,789","7,274","1,531","3,199","3,173","8,402","8,720","25,613","23,774","6,585","9,476","6,092","1,708",789,38.2,38
E07000082,"112,779","6,113","3,657","2,509","6,791","1,458","3,055","2,372","5,246","4,910","21,447","24,952","8,292","11,681","7,232","2,015","1,049",42.3,44
E07000083,"81,943","4,616","2,656","1,671","4,688",954,"1,936","1,578","4,088","4,023","15,980","17,527","5,717","8,836","5,405","1,516",752,42.4,44
,,,,,,,,,,,,,,,,,,,
E10000027,"529,972","28,717","16,708","10,779","31,309","7,077","14,368","11,863","28,035","26,508","92,738","110,903","39,307","57,463","37,588","10,853","5,756",42.7,44
E07000187,"109,279","5,915","3,617","2,296","6,988","1,581","3,450","2,559","5,359","5,114","19,551","23,615","7,956","11,049","7,064","2,089","1,076",41.9,43
E07000188,"114,588","6,321","3,613","2,348","6,868","1,516","3,055","2,538","6,193","5,671","20,023","24,495","8,482","12,446","7,753","2,174","1,092",42.4,44
E07000189,"161,243","8,771","5,073","3,316","9,424","2,034","4,005","3,549","8,513","8,127","28,304","33,050","12,252","17,990","11,750","3,308","1,777",42.9,44
E07000190,"110,187","6,266","3,572","2,271","6,389","1,580","3,117","2,525","6,226","6,047","20,244","22,434","7,504","10,824","7,647","2,261","1,280",41.8,43
E07000191,"34,675","1,444",833,548,"1,640",366,741,692,"1,744","1,549","4,616","7,309","3,113","5,154","3,374","1,021",531,47.7,51
,,,,,,,,,,,,,,,,,,,
W92000004,"3,063,456","178,301","99,429","63,650","177,748","37,168","77,111","84,841","211,924","185,728","570,894","609,233","204,885","300,550","187,434","49,360","25,200",40.6,41
,,,,,,,,,,,,,,,,,,,
W06000001,"69,751","3,878","2,082","1,382","3,746",773,"1,680","1,398","3,863","3,603","12,050","14,189","5,461","8,574","5,046","1,249",777,43.4,45
W06000002,"121,874","6,819","3,748","2,430","6,610","1,344","2,784","4,220","9,719","6,472","20,714","23,341","8,533","13,130","8,565","2,278","1,167",41.6,42
W06000003,"115,228","5,839","3,351","2,155","6,418","1,363","2,849","2,390","5,798","5,404","19,079","23,576","8,844","13,966","9,921","2,729","1,546",44.6,46
W06000004,"93,734","5,323","2,986","1,975","5,473","1,196","2,543","2,270","5,212","4,525","16,269","19,113","7,159","10,585","6,522","1,656",927,42.4,44
W06000005,"152,506","9,349","5,098","3,275","8,997","1,925","4,073","3,499","8,970","8,547","29,576","31,332","11,029","15,299","8,384","2,060","1,093",40.6,41
W06000006,"134,844","8,829","4,785","2,832","7,736","1,636","3,219","3,188","8,439","8,825","26,996","26,650","8,858","12,516","7,458","1,858","1,019",39.8,40
W06000023,"132,976","6,582","3,959","2,681","7,947","1,724","3,463","2,780","6,465","5,877","21,818","28,570","10,864","16,232","9,926","2,685","1,403",43.9,46
W06000008,"75,922","3,472","2,015","1,331","3,642",770,"1,607","4,255","8,191","3,614","11,283","14,463","5,574","8,418","5,151","1,406",730,41.7,42
W06000009,"122,439","6,784","3,889","2,469","7,383","1,552","3,131","2,798","6,710","5,860","20,195","25,450","9,525","14,380","8,847","2,289","1,177",42.9,45
W06000010,"183,777","10,310","5,835","3,862","10,642","2,365","4,628","4,352","10,598","9,531","31,792","38,338","13,348","20,343","12,651","3,449","1,733",42.3,44
W06000011,"239,023","13,110","7,491","4,948","13,214","2,633","5,412","8,004","20,520","15,559","45,031","45,313","14,976","22,156","14,901","3,815","1,940",40.1,39
W06000012,"139,812","7,599","4,500","2,816","8,020","1,702","3,599","3,219","8,112","8,702","26,610","29,399","9,483","13,862","8,737","2,295","1,157",41.3,42
W06000013,"139,178","7,727","4,620","2,959","8,369","1,613","3,558","3,226","8,234","8,439","27,924","28,520","9,135","13,769","8,045","2,054",986,40.7,41
W06000014,"126,336","7,333","4,229","2,689","7,902","1,679","3,481","2,992","6,825","6,969","24,138","26,557","8,487","12,367","7,535","2,134","1,019",40.9,42
W06000015,"346,090","22,378","11,163","6,917","18,538","3,979","7,836","14,055","38,735","30,515","69,946","59,978","16,498","22,705","15,949","4,703","2,195",36.5,33
W06000016,"234,410","14,449","8,134","5,006","13,885","2,820","5,837","6,225","16,178","14,818","45,638","45,894","15,453","22,004","13,010","3,383","1,676",39.8,40
W06000024,"58,802","3,630","1,881","1,238","3,476",735,"1,616","1,473","3,959","4,170","11,107","11,941","3,780","5,331","3,281",775,409,39.7,40
W06000018,"178,806","11,313","6,289","4,141","10,991","2,247","4,710","4,361","10,820","11,222","35,653","35,679","11,815","16,690","9,467","2,332","1,076",39.5,40
W06000019,"69,814","4,016","2,223","1,334","4,053",867,"1,946","1,832","4,636","4,284","13,569","13,958","4,619","6,965","4,015",993,504,40.5,41
W06000020,"91,075","5,381","3,105","1,928","5,620","1,208","2,630","2,240","5,588","5,574","16,709","18,682","6,040","8,644","5,568","1,419",739,40.4,41
W06000021,"91,323","4,637","2,852","1,919","5,684","1,151","2,628","1,950","4,311","3,812","15,978","20,461","6,897","10,070","6,396","1,683",894,43.0,45
W06000022,"145,736","9,543","5,194","3,363","9,402","1,886","3,881","4,114","10,041","9,406","28,819","27,829","8,507","12,544","8,059","2,115","1,033",38.8,38
,,,,,,,,,,,,,,,,,,,
S92000003 ,"5,295,403","292,821","164,246","105,371","291,615","62,278","126,266","142,282","363,940","345,632","1,056,449","1,117,647","336,522","481,792","302,639","71,507","34,396",40.3,41
,,,,,,,,,,,,,,,,,,,
S12000033,"222,793","11,512","5,633","3,539","9,401","2,050","4,369","8,273","23,207","21,216","46,610","42,498","12,454","16,242","11,680","2,792","1,317",38.7,36
S12000034,"252,973","15,138","8,475","5,533","15,146","3,097","6,731","5,465","13,154","13,194","52,052","56,797","17,528","22,571","13,201","3,325","1,566",40.4,42
S12000041,"115,978","5,967","3,677","2,419","6,802","1,393","2,930","2,567","5,983","6,040","21,200","25,203","8,736","12,281","7,875","1,963",942,42.4,44
S12000035,"88,166","4,107","2,623","1,689","4,919","1,097","2,199","1,802","4,438","4,164","14,857","19,744","7,191","10,761","6,243","1,534",798,43.9,46
S12000005,"51,442","2,927","1,608","1,100","3,060",638,"1,354","1,242","2,856","2,932","10,712","11,230","3,571","4,874","2,525",566,247,40.3,41
S12000006,"151,324","7,660","4,568","2,810","8,270","1,856","3,864","3,027","7,692","7,375","25,518","33,962","11,672","17,997","11,257","2,582","1,214",43.6,46
S12000042,"147,268","7,791","4,205","2,650","7,390","1,668","3,044","6,084","15,337","11,733","26,174","28,063","8,532","12,352","9,019","2,249",977,39.3,38
S12000008,"122,767","6,762","3,913","2,481","6,926","1,517","3,122","3,078","7,514","6,986","24,212","26,601","8,348","11,915","7,104","1,519",769,40.9,42
S12000045,"105,026","5,152","3,442","2,238","6,388","1,494","2,801","2,678","5,950","4,332","18,215","24,579","7,329","10,977","7,200","1,579",672,42.2,44
S12000010,"99,717","5,925","3,443","2,098","5,898","1,264","2,580","2,610","5,292","4,805","19,487","22,121","6,431","9,495","6,061","1,483",724,41.0,42
S12000011,"90,574","4,984","3,307","2,251","6,131","1,228","2,578","2,288","5,085","3,528","16,341","20,881","5,692","8,365","5,760","1,444",711,41.0,43
S12000036,"476,626","26,163","12,549","7,945","21,062","4,483","9,134","14,912","47,822","45,324","105,409","88,275","25,061","34,081","24,528","6,579","3,299",38.5,36
S12000013,"27,684","1,354",847,566,"1,529",382,669,535,"1,228","1,258","5,068","6,105","2,174","3,197","1,987",539,246,43.7,46
S12000014,"155,990","9,339","5,239","3,172","8,848","1,779","3,738","3,804","8,802","9,310","33,652","32,947","10,064","14,051","8,457","1,925",863,40.1,41
S12000015,"365,198","20,775","11,736","7,420","20,186","4,280","8,852","9,532","24,141","20,802","71,267","77,140","24,996","35,181","21,155","5,188","2,547",40.8,42
S12000046 ,"593,245","32,973","16,576","10,483","29,317","6,278","12,632","20,448","56,642","55,044","129,266","113,071","28,350","42,410","29,397","7,022","3,336",38.0,36
S12000017,"232,132","12,705","7,457","4,951","13,432","2,853","5,821","4,576","11,571","12,837","43,325","52,600","16,964","23,863","14,161","3,378","1,638",41.9,44
S12000018,"81,485","4,204","2,483","1,529","4,498","1,018","1,979","2,098","4,999","4,726","15,277","18,518","5,380","7,916","5,103","1,159",598,41.5,43
S12000019,"83,187","4,878","2,877","1,804","5,047",997,"2,125","2,039","4,766","4,457","16,432","18,069","5,793","7,830","4,603",998,472,40.4,42
S12000020,"93,295","5,246","2,907","1,980","5,638","1,273","2,496","2,148","5,011","5,326","17,834","19,831","6,383","9,381","5,885","1,292",664,41.2,42
S12000021,"138,146","7,420","4,336","2,894","8,010","1,823","3,596","3,358","7,946","7,287","25,506","30,157","9,915","14,583","8,443","1,897",975,41.6,43
S12000044,"337,727","20,549","11,920","7,554","20,553","4,306","8,357","8,712","21,041","21,790","71,409","70,984","20,169","28,926","16,708","3,299","1,450",39.0,39
S12000023,"21,349","1,107",606,398,"1,205",310,547,449,"1,133","1,048","3,870","4,851","1,606","2,438","1,302",305,174,42.6,45
S12000024,"146,652","7,317","4,337","2,970","8,704","1,847","3,629","3,205","7,515","8,063","26,644","32,237","10,621","15,632","10,174","2,547","1,210",42.6,44
S12000038,"174,908","9,636","5,566","3,512","9,904","2,085","4,159","4,547","11,018","10,699","34,746","38,536","11,021","16,147","9,979","2,232","1,121",40.6,42
S12000026,"113,870","5,712","3,522","2,383","6,335","1,389","2,687","2,333","5,272","5,029","20,495","25,957","8,937","12,951","7,899","2,004",965,43.5,46
S12000027,"23,167","1,389",802,524,"1,450",306,629,516,"1,295","1,253","4,606","5,063","1,557","2,143","1,178",296,160,40.1,41
S12000028,"112,799","5,512","3,250","2,162","6,207","1,249","2,760","2,424","6,150","5,549","19,737","25,132","8,407","13,037","8,155","2,070",998,43.5,45
S12000029,"313,830","17,401","10,008","6,478","17,935","3,662","7,832","7,732","17,620","18,168","63,875","70,378","19,798","29,219","17,937","3,936","1,851",40.7,42
S12000030,"90,247","4,415","2,925","1,865","5,598","1,212","2,171","3,232","7,235","4,842","16,566","18,841","5,812","8,541","5,161","1,203",628,40.2,41
S12000039,"90,720","5,236","2,871","1,789","4,978","1,126","2,258","2,430","5,834","5,743","17,598","20,269","5,672","8,062","5,123","1,123",608,40.3,41
S12000040,"175,118","11,565","6,538","4,184","10,848","2,318","4,623","4,138","10,391","10,772","38,489","37,007","10,358","14,373","7,379","1,479",656,38.2,39
,,,,,,,,,,,,,,,,,,,
N92000002 ,"1,810,863","124,382","67,662","43,625","119,034","24,620","51,440","50,181","126,013","124,099","373,947","347,850","94,290","145,600","86,724","21,165","10,231",37.6,37
,,,,,,,,,,,,,,,,,,,
95T ,"53,428","3,975","2,148","1,407","3,685",734,"1,496","1,264","3,426","3,618","11,638","10,143","2,823","4,189","2,151",493,238,36.7,36
95X ,"78,078","4,747","2,887","1,767","4,879",985,"2,004","1,793","4,404","4,366","15,489","16,283","5,208","7,743","4,018",966,539,40.0,41
95O ,"59,340","4,309","2,376","1,505","4,128",827,"1,795","1,551","3,977","4,059","12,044","11,181","3,166","4,771","2,696",667,288,37.1,36
95G ,"64,044","4,099","2,391","1,566","3,990",813,"1,728","1,499","3,932","3,980","13,317","12,393","3,682","5,806","3,604",843,401,39.2,39
95D ,"31,224","2,110","1,149",850,"2,099",408,890,780,"2,043","2,014","6,701","5,983","1,545","2,602","1,550",345,155,37.7,37
95Q ,"48,339","3,661","2,000","1,234","3,260",657,"1,346","1,090","2,951","3,063","10,570","9,405","2,406","3,724","2,170",544,258,37.1,37
95Z ,"280,962","18,046","9,008","5,610","16,267","3,352","7,239","9,812","26,122","24,285","57,185","50,506","12,639","20,821","14,447","3,737","1,886",37.3,35
95V ,"39,114","2,350","1,391",891,"2,496",577,"1,133","1,016","2,412","2,197","7,904","8,314","2,180","3,501","2,040",475,237,39.2,40
95Y ,"67,242","4,051","2,260","1,508","4,167",856,"1,798","1,755","3,782","3,718","13,946","14,252","3,335","5,965","4,305","1,099",445,40.1,41
95C ,"59,067","3,470","2,010","1,338","3,843",789,"1,567","2,054","4,222","3,288","11,222","12,004","3,371","5,549","3,194",790,356,39.3,39
95I ,"37,013","2,802","1,494",950,"2,503",545,"1,112","1,008","2,792","2,701","7,930","6,644","1,774","2,684","1,510",373,191,36.0,34
95N ,"93,023","7,316","3,733","2,250","6,013","1,208","2,634","2,332","6,392","6,838","20,048","17,040","4,602","7,175","4,063",947,432,36.6,35
95A ,"107,877","7,574","4,162","2,841","7,891","1,746","3,502","3,393","7,811","8,010","22,123","20,617","5,355","7,598","4,049",828,377,35.8,35
95R ,"69,731","4,803","2,595","1,752","4,832","1,003","2,134","1,892","4,668","4,418","13,614","13,720","3,884","5,808","3,311",873,424,37.9,38
95M ,"57,852","4,540","2,496","1,533","4,037",779,"1,731","1,501","4,121","4,408","12,623","10,245","2,666","4,020","2,316",539,297,35.6,34
95L ,"61,805","4,190","2,306","1,604","4,181",860,"1,833","1,421","3,809","3,930","12,623","12,230","3,594","5,025","3,028",800,371,38.2,38
95F ,"32,180","1,860","1,125",744,"2,037",415,857,792,"1,937","1,804","6,177","6,918","2,030","3,050","1,791",405,238,40.1,41
95B ,"33,536","2,317","1,267",840,"2,337",482,"1,032",931,"2,330","2,208","7,430","6,397","1,730","2,552","1,227",321,135,36.6,36
95S ,"120,165","8,844","4,679","2,989","8,241","1,787","3,616","3,297","7,689","7,814","25,027","23,383","6,140","9,405","5,399","1,195",660,37.1,37
95H ,"45,038","3,524","1,882","1,234","3,234",703,"1,386","1,180","3,278","3,116","9,698","8,072","2,102","3,127","1,847",437,218,35.6,34
95E ,"17,050","1,053",642,388,"1,158",206,468,420,"1,094",957,"3,254","3,482","1,007","1,693",887,239,102,39.5,40
95P ,"99,480","7,720","4,170","2,800","7,261","1,567","3,055","2,617","6,763","7,238","20,984","18,417","4,632","6,854","4,058",953,391,35.6,34
95U ,"85,139","5,892","3,218","1,972","5,238","1,027","2,258","2,648","5,673","5,360","17,780","16,444","4,514","7,114","4,489","1,058",454,38.2,38
95W ,"78,937","4,765","2,686","1,669","4,480",915,"1,927","1,783","4,470","4,760","15,566","16,240","5,204","7,898","4,577","1,309",688,40.9,41
95K ,"51,356","3,679","2,096","1,366","3,764",762,"1,672","1,302","3,327","3,478","10,542","10,072","2,581","3,749","2,170",540,256,36.6,36
95J ,"39,843","2,685","1,491","1,017","3,013",617,"1,227","1,050","2,588","2,471","8,512","7,465","2,120","3,177","1,827",389,194,37.2,37
