Area code,All categories: Ethnic Group,White2,"Gypsy / Traveller / Irish Traveller3,4",Mixed / Multiple Ethnic Groups5,Asian / Asian British: Indian,Asian / Asian British: Pakistani,Asian / Asian British: Bangladeshi,Asian / Asian British: Chinese,Asian / Asian British: Other Asian,Black / African / Caribbean / Black British6,Other Ethnic Group
K02000001,"63,182,178","55,010,359","63,193","1,250,229","1,451,862","1,174,983","451,529","433,150","861,815","1,904,684","580,374"
K03000001,"61,371,315","53,231,910","61,892","1,244,215","1,445,664","1,173,892","450,989","426,847","856,817","1,901,068","578,021"
K04000001,"56,075,912","48,151,715","57,680","1,224,400","1,412,958","1,124,511","447,201","393,141","835,720","1,864,890","563,696"
E92000001,"53,012,456","45,226,247","54,895","1,192,879","1,395,702","1,112,282","436,514","379,503","819,402","1,846,614","548,418"
W92000004,"3,063,456","2,925,468","2,785","31,521","17,256","12,229","10,687","13,638","16,318","18,276","15,278"
S92000003 ,"5,295,403","5,080,195","4,212","19,815","32,706","49,381","3,788","33,706","21,097","36,178","14,325"
N92000002 ,"1,810,863","1,778,449","1,301","6,014","6,198","1,091",540,"6,303","4,998","3,616","2,353"
,,,,,,,,,,,
,,,,,,,,,,,
E92000001,"53,012,456","45,226,247","54,895","1,192,879","1,395,702","1,112,282","436,514","379,503","819,402","1,846,614","548,418"
,,,,,,,,,,,
E12000001,"2,596,886","2,473,883","1,684","22,449","15,817","19,831","10,972","14,284","13,695","13,220","11,051"
,,,,,,,,,,,
E06000047,"513,242","503,302",467,"3,094","1,368",463,241,"1,598","1,186",701,822
E06000005,"105,564","101,245",350,"1,146",726,145,523,349,462,357,261
E06000001,"92,028","89,859",40,550,266,291,214,229,304,170,105
E06000002,"138,412","121,970",85,"2,362","1,477","6,811",244,904,"1,332","1,731","1,496"
E06000048,"316,028","310,910",156,"1,692",939,351,295,452,621,338,274
E06000003,"135,177","133,118",85,853,91,295,94,155,234,122,130
E06000004,"191,610","181,156",143,"1,997","1,488","3,072",132,866,"1,074","1,133",549
,,,,,,,,,,,
E11000004,"1,104,825","1,032,323",358,"10,755","9,462","8,403","9,229","9,731","8,482","8,668","7,414"
E08000020,"200,214","192,655",87,"1,558",916,617,242,"1,054",909,"1,081","1,095"
E08000021,"280,177","239,370",163,"4,279","5,072","6,364","4,692","6,037","4,942","5,160","4,098"
E08000022,"200,801","193,996",29,"1,815","1,095",319,686,869,846,734,412
E08000023,"148,127","142,090",9,"1,325",643,434,"1,534",235,465,420,972
E08000024,"275,506","264,212",70,"1,778","1,736",669,"2,075","1,536","1,320","1,273",837
,,,,,,,,,,,
E12000002,"7,052,177","6,357,569","4,147","110,891","107,353","189,436","45,897","48,049","46,750","97,869","44,216"
,,,,,,,,,,,
E06000008,"147,489","101,848",161,"1,823","19,791","17,801","1,525",721,"1,656",933,"1,230"
E06000009,"142,065","137,102",237,"1,753",627,223,231,514,687,346,345
E06000049,"370,127","357,627",313,"3,873","2,147",856,504,"1,125","1,428","1,402",852
E06000050,"329,608","320,812",213,"3,050","1,242",336,576,935,"1,008",908,528
E06000006,"125,746","123,000",41,"1,356",282,44,60,308,249,260,146
E06000007,"202,228","193,926",66,"2,144","1,803","1,179",152,849,928,694,487
,,,,,,,,,,,
E10000006,"499,858","491,942",315,"2,504",892,316,486,"1,153","1,219",579,452
E07000026,"96,422","95,371",14,426,81,34,91,123,148,73,61
E07000027,"69,087","67,901",39,360,137,47,43,183,223,70,84
E07000028,"107,524","105,284",196,535,273,109,180,337,349,147,114
E07000029,"70,603","69,476",15,339,137,79,70,164,179,84,60
E07000030,"52,564","51,984",15,211,77,7,49,79,80,22,40
E07000031,"103,658","101,926",36,633,187,40,53,267,240,183,93
,,,,,,,,,,,
E11000001,"2,682,528","2,246,600","1,523","60,710","53,461","130,012","34,186","26,079","28,435","74,097","27,425"
E08000001,"276,786","226,431",214,"4,892","21,665","12,026",614,"1,423","3,021","4,652","1,848"
E08000002,"185,060","164,960",72,"3,365","1,387","9,002",311,"1,100","1,607","1,893","1,363"
E08000003,"503,127","334,600",509,"23,161","11,417","42,904","6,437","13,539","11,689","43,484","15,387"
E08000004,"224,897","174,264",62,"4,057","1,555","22,686","16,310",726,"1,888","2,797",552
E08000005,"211,699","172,688",186,"3,569","1,105","22,265","4,342",948,"2,970","2,770",856
E08000006,"233,933","210,669",193,"4,616","2,553","1,843",605,"2,547","1,881","6,541","2,485"
E08000007,"283,275","260,761",58,"5,104","2,786","6,673",705,"1,722","1,876","1,958","1,632"
E08000008,"219,324","199,391",38,"3,159","3,668","4,910","4,296",951,728,"1,784",399
E08000009,"226,578","193,794",40,"6,031","6,306","7,027",457,"2,232","1,951","6,540","2,200"
E08000010,"317,849","309,042",151,"2,756","1,019",676,109,891,824,"1,678",703
,,,,,,,,,,,
E10000017,"1,171,339","1,079,866",821,"12,724","19,212","36,103","5,811","4,811","5,117","4,098","2,776"
E07000117,"87,059","76,044",10,976,321,"5,924","2,425",222,686,211,240
E07000118,"107,155","103,776",57,"1,016",612,525,105,236,232,401,195
E07000119,"75,757","73,829",15,742,297,118,25,209,196,163,163
E07000120,"80,734","70,681",97,696,279,"7,548",402,268,510,106,147
E07000121,"138,375","132,011",331,"1,356","1,212",413,309,"1,231",567,628,317
E07000122,"89,452","71,411",26,946,236,"15,320",383,281,587,126,136
E07000123,"140,202","112,304",111,"3,326","14,421","4,425",375,"1,235","1,276","1,676","1,053"
E07000124,"57,132","55,898",6,360,204,295,32,109,89,92,47
E07000125,"67,982","63,731",47,602,186,"1,139","1,638",233,200,123,83
E07000126,"109,057","105,830",17,"1,174",798,241,26,282,265,268,156
E07000127,"110,685","108,595",8,866,411,85,13,190,214,174,129
E07000128,"107,749","105,756",96,664,235,70,78,315,295,130,110
,,,,,,,,,,,
E11000002,"1,381,189","1,304,846",457,"20,954","7,896","2,566","2,366","11,554","6,023","14,552","9,975"
E08000011,"145,893","141,852",6,"1,913",467,81,10,446,399,505,214
E08000012,"466,415","414,486",185,"11,756","4,915","1,999","1,075","7,978","3,436","12,308","8,277"
E08000014,"273,790","266,621",120,"2,820",666,127,308,965,653,796,714
E08000013,"175,308","171,808",69,"1,179",504,133,122,512,493,248,240
E08000015,"319,783","310,079",77,"3,286","1,344",226,851,"1,653","1,042",695,530
,,,,,,,,,,,
E12000003,"5,283,733","4,687,578","4,378","84,558","69,252","225,892","22,424","28,435","39,961","80,345","40,910"
,,,,,,,,,,,
E06000011,"334,179","327,562",227,"2,301","1,081",396,69,660,755,598,530
E06000010,"256,406","241,037",284,"3,454","1,086",882,755,"2,124","1,624","2,996","2,164"
E06000012,"159,616","155,395",26,"1,186",513,195,268,605,548,411,469
E06000013,"167,446","160,658",90,"1,244","1,122",862,"1,443",530,592,494,411
E06000014,"198,051","186,462",269,"2,413","1,531",417,370,"2,449","1,973","1,194",973
,,,,,,,,,,,
E10000023,"598,376","581,887",588,"5,043","1,631",894,275,"1,733","2,823","2,424","1,078"
E07000163,"55,409","53,910",54,375,156,474,39,118,183,61,39
E07000164,"89,140","87,503",132,593,220,84,30,126,140,188,124
E07000165,"157,869","151,968",107,"1,776",587,118,68,869,767,"1,147",462
E07000166,"51,965","49,537",19,502,75,27,20,78,"1,047",496,164
E07000167,"51,751","50,983",81,302,35,5,7,85,141,80,32
E07000168,"108,793","106,067",37,869,383,169,109,287,416,240,216
E07000169,"83,449","81,919",158,626,175,17,2,170,129,212,41
,,,,,,,,,,,
E11000003,"1,343,601","1,216,419","1,234","20,791","9,136","32,538","3,612","9,551","9,374","25,752","15,194"
E08000016,"231,221","226,122",163,"1,630",442,211,60,440,508,"1,221",424
E08000017,"302,402","287,479",587,"3,321","1,865","2,728",117,"1,121","1,783","2,337","1,064"
E08000018,"257,280","240,632",126,"2,551",961,"7,609",109,592,"1,280","2,112","1,308"
E08000019,"552,698","462,186",358,"13,289","5,868","21,990","3,326","7,398","5,803","20,082","12,398"
,,,,,,,,,,,
E11000006,"2,226,058","1,818,158","1,660","48,126","53,152","189,708","15,632","10,783","22,272","46,476","20,091"
E08000032,"522,452","351,884",433,"12,979","13,555","106,614","9,863","2,086","8,031","9,267","7,740"
E08000033,"203,826","182,707",80,"2,797","1,130","13,904",574,459,808,899,468
E08000034,"422,458","334,112",158,"9,790","20,797","41,802",731,"1,452","3,000","7,905","2,711"
E08000035,"751,485","638,800",687,"19,632","16,130","22,492","4,432","5,933","9,256","25,893","8,230"
E08000036,"325,837","310,655",302,"2,928","1,540","4,896",32,853,"1,177","2,512",942
,,,,,,,,,,,
E12000004,"4,533,222","4,042,938","3,418","86,224","168,928","48,940","13,258","24,404","37,893","81,484","25,735"
,,,,,,,,,,,
E06000015,"248,752","199,456",295,"7,232","10,907","14,620",658,"1,292","3,618","7,320","3,354"
E06000016,"329,839","166,219",417,"11,580","93,335","8,067","3,642","4,245","13,181","20,585","8,568"
E06000018,"305,680","218,372",326,"20,265","9,901","16,771","1,049","5,988","6,330","22,185","4,493"
E06000017,"37,369","36,243",58,389,113,38,7,125,82,251,63
,,,,,,,,,,,
E10000007,"769,686","749,783",311,"7,119","4,132",979,229,"1,727","1,728","2,770",908
E07000032,"122,309","119,979",44,980,416,80,11,201,221,253,124
E07000033,"75,866","74,386",66,518,207,56,6,166,177,267,17
E07000034,"103,788","100,167",5,"1,094",487,334,141,367,263,782,148
E07000035,"71,116","70,102",15,466,97,84,4,95,118,87,48
E07000036,"112,081","108,736",29,"1,269",778,89,21,266,229,536,128
E07000037,"90,892","88,944",10,944,148,78,10,228,247,184,99
E07000038,"99,023","97,014",70,786,350,79,32,187,147,236,122
E07000039,"94,611","90,455",72,"1,062","1,649",179,4,217,326,425,222
,,,,,,,,,,,
E10000018,"650,489","594,356",411,"8,551","28,598","2,099","2,313","3,502","4,265","3,787","2,607"
E07000129,"93,915","85,350",101,"1,505","4,399",281,18,435,585,900,341
E07000130,"166,100","145,040",74,"2,577","10,225",428,"2,022","1,943","1,520","1,327",944
E07000131,"85,382","81,255",61,971,"1,849",132,44,226,312,327,205
E07000132,"105,078","101,283",86,"1,027","1,390",158,81,269,348,262,174
E07000133,"50,376","49,316",3,414,277,4,0,103,134,95,30
E07000134,"93,468","91,110",77,881,520,16,20,198,320,205,121
E07000135,"56,170","41,002",9,"1,176","9,938","1,080",128,328,"1,046",671,792
,,,,,,,,,,,
E10000019,"713,653","695,867",617,"6,190","2,474",584,496,"1,737","2,025","2,561","1,102"
E07000136,"64,637","62,529",63,664,374,148,72,130,204,278,175
E07000137,"136,401","134,253",61,937,231,63,100,198,197,264,97
E07000138,"93,541","89,299",80,"1,230",522,139,139,452,542,778,360
E07000139,"107,766","105,761",74,791,217,29,68,215,221,251,139
E07000140,"88,270","86,270",100,796,251,48,54,176,218,257,100
E07000141,"133,788","130,316",78,"1,142",509,93,63,436,479,509,163
E07000142,"89,250","87,439",161,630,370,64,0,130,164,224,68
,,,,,,,,,,,
E10000021,"691,952","632,295",527,"14,182","12,264","2,312","4,264","2,846","3,741","16,923","2,598"
E07000150,"61,255","58,491",28,836,348,34,138,96,166,"1,008",110
E07000151,"77,843","75,069",54,971,551,172,55,151,254,481,85
E07000152,"86,765","83,796",46,"1,052",530,62,12,244,248,630,145
E07000153,"93,475","87,590",150,"1,313","1,818",149,102,327,627,991,408
E07000154,"212,069","179,089",149,"6,849","5,328","1,536","3,367","1,705","1,815","10,741","1,490"
E07000155,"85,189","82,561",11,"1,003",592,81,52,149,255,376,109
E07000156,"75,356","65,699",89,"2,158","3,097",278,538,174,376,"2,696",251
,,,,,,,,,,,
E10000024,"785,802","750,347",456,"10,716","7,204","3,470",600,"2,942","2,923","5,102","2,042"
E07000170,"119,497","116,690",43,"1,059",396,97,62,232,312,472,134
E07000171,"112,863","109,798",94,996,440,287,74,180,274,520,200
E07000172,"109,487","101,529",9,"1,827","1,754",775,92,"1,135",747,933,686
E07000173,"113,543","105,624",32,"2,619","1,366",962,67,411,537,"1,653",272
E07000174,"104,466","101,520",2,"1,106",521,132,192,206,238,398,151
E07000175,"114,817","111,705",253,"1,160",366,145,73,220,232,499,164
E07000176,"111,129","103,481",23,"1,949","2,361","1,072",40,558,583,627,435
,,,,,,,,,,,
E12000005,"5,601,847","4,628,935","4,734","131,714","218,439","227,248","52,477","31,274","74,997","182,125","49,904"
,,,,,,,,,,,
E06000019,"183,477","179,806",363,"1,270",490,80,32,277,560,331,268
E06000051,"306,129","299,562",312,"2,168",752,216,208,"1,020",893,580,418
E06000021,"249,008","220,529",183,"4,491","2,329","10,429","1,097","1,224","3,363","3,741","1,622"
E06000020,"166,641","154,249",166,"2,983","3,076","2,243",162,647,863,"1,779",473
,,,,,,,,,,,
E10000028,"848,489","811,182",433,"9,604","6,452","7,023",651,"2,726","3,804","4,810","1,804"
E07000192,"97,462","95,248",8,867,406,110,48,227,191,280,77
E07000193,"113,583","102,632",72,"1,619",916,"5,598",157,331,862,"1,023",373
E07000194,"100,654","97,386",13,"1,034",877,157,107,225,257,481,117
E07000195,"123,871","117,613",49,"1,490",937,485,154,978,958,828,379
E07000196,"108,131","103,572",128,"1,495","1,435",170,17,204,296,578,236
E07000197,"130,869","124,189",119,"1,694","1,359",369,128,503,929,"1,107",472
E07000198,"97,106","95,790",35,602,136,87,2,108,169,120,57
E07000199,"76,813","74,752",9,803,386,47,38,150,142,393,93
,,,,,,,,,,,
E10000031,"545,474","505,194",494,"7,949","16,435","1,728",284,"2,349","4,300","4,443","2,298"
E07000218,"62,014","60,664",45,506,360,35,11,67,107,172,47
E07000219,"125,252","114,317",75,"1,396","5,705",527,51,304,"1,293","1,047",537
E07000220,"100,075","90,405",160,"1,986","3,061",612,140,432,980,"1,987",312
E07000221,"120,485","117,134",173,"1,258",564,74,13,391,424,264,190
E07000222,"137,648","122,674",41,"2,803","6,745",480,69,"1,155","1,496",973,"1,212"
,,,,,,,,,,,
E11000005,"2,736,460","1,917,520","1,618","96,204","185,271","200,545","48,727","21,430","59,008","164,069","42,068"
E08000025,"1,073,045","621,228",408,"47,605","64,621","144,627","32,532","12,712","31,148","96,360","21,804"
E08000026,"316,960","233,878",151,"8,230","27,751","9,510","2,951","3,728","7,658","17,764","5,339"
E08000027,"312,925","281,255",352,"5,758","5,737","10,339",397,876,"1,593","4,671","1,947"
E08000028,"308,063","215,330",141,"10,199","31,400","13,952","6,588",839,"6,479","18,357","4,778"
E08000029,"206,674","184,174",70,"4,404","7,098","3,413",633,906,"1,511","3,239","1,226"
E08000030,"269,323","212,182",287,"7,224","16,502","14,289","5,194",993,"4,044","6,369","2,239"
E08000031,"249,470","169,473",209,"12,784","32,162","4,415",432,"1,376","6,575","17,309","4,735"
,,,,,,,,,,,
E10000034,"566,169","540,893","1,165","7,045","3,634","4,984","1,316","1,601","2,206","2,372",953
E07000234,"93,637","89,621",75,"1,396","1,078",221,39,309,278,444,176
E07000235,"74,631","72,710",131,639,268,43,30,336,225,151,98
E07000236,"84,214","77,488",9,"1,655",720,"2,580",192,209,328,862,171
E07000237,"98,768","92,181",113,"1,395",806,"1,923",449,391,797,473,240
E07000238,"116,944","113,995",462,962,463,84,94,188,300,228,168
E07000239,"97,975","94,898",375,998,299,133,512,168,278,214,100
,,,,,,,,,,,
E12000006,"5,846,965","5,302,029","8,165","112,116","86,736","66,270","32,992","33,503","58,871","117,442","28,841"
,,,,,,,,,,,
E06000055,"157,479","126,731",115,"5,386","8,122","3,270","3,225",905,"2,410","6,202","1,113"
E06000056,"254,381","238,244",478,"4,789","2,533",442,214,"1,404","1,809","3,614",854
E06000032,"203,201","110,881",198,"8,281","10,625","29,353","13,606","1,497","5,871","19,909","2,980"
E06000031,"183,631","150,984",560,"4,948","4,636","12,078",229,872,"3,677","4,164","1,483"
E06000033,"173,658","158,861",162,"3,651","1,810","1,059",933,"1,084","1,554","3,647",897
E06000034,"157,705","135,121",308,"3,099","2,234",534,682,828,"1,649","12,323",927
,,,,,,,,,,,
E10000003,"621,210","573,479","1,508","11,081","7,430","2,373","2,562","6,723","6,550","6,010","3,494"
E07000008,"123,867","102,096",109,"3,944","3,413",742,"1,849","4,454","3,160","2,097","2,003"
E07000009,"83,818","80,434",239,"1,182",316,103,80,290,426,506,242
E07000010,"95,262","92,164",467,901,372,65,65,215,358,497,158
E07000011,"169,508","160,483",208,"2,530","1,119",998,351,575,"1,147","1,642",455
E07000012,"148,755","138,302",485,"2,524","2,210",465,217,"1,189","1,459","1,268",636
,,,,,,,,,,,
E10000012,"1,393,587","1,311,695","2,161","20,885","12,456","3,462","2,747","6,361","9,834","18,709","5,277"
E07000066,"174,497","160,804",873,"2,887","2,089",436,322,584,"1,335","4,685",482
E07000067,"147,084","141,955",132,"1,837",625,122,190,335,726,913,249
E07000068,"73,601","68,747",121,"1,196",939,113,172,377,749,896,291
E07000069,"88,011","85,256",17,911,378,67,87,220,260,661,154
E07000070,"168,310","157,771",212,"2,646","1,911",673,466,826,"1,086","2,051",668
E07000071,"173,074","159,227",79,"3,152","1,426",366,385,"1,690","2,488","2,575","1,686"
E07000072,"124,659","112,693",176,"2,649","3,041",933,265,598,"1,085","2,404",815
E07000073,"81,944","72,882",117,"1,752","1,061",629,392,830,821,"3,090",370
E07000074,"61,629","60,228",201,506,117,7,90,104,166,150,60
E07000075,"83,287","80,888",49,905,262,42,81,228,268,433,131
E07000076,"138,048","134,605",62,"1,467",323,34,111,367,440,434,205
E07000077,"79,443","76,639",122,977,284,40,186,202,410,417,166
,,,,,,,,,,,
E10000015,"1,116,062","976,346","1,149","27,497","28,848","12,302","5,608","8,462","17,361","31,401","7,088"
E07000095,"93,609","84,383",147,"2,141",799,145,158,326,762,"3,957",791
E07000096,"144,847","131,306",231,"3,075","2,347","2,007",287,784,"1,345","2,990",475
E07000097,"137,687","131,399",57,"2,214",999,213,282,516,671,984,352
E07000098,"100,031","84,909",154,"2,619","3,723",454,232,918,"2,066","3,927","1,029"
E07000099,"127,114","113,722",33,"3,376","3,464",424,495,808,"1,630","2,491",671
E07000100,"140,664","124,215",165,"3,904","2,210","1,149","2,633","1,149","1,870","2,388",981
E07000101,"83,957","73,531",67,"2,265","1,626",489,536,635,"1,562","2,836",410
E07000102,"87,317","75,215",79,"2,002","5,231",605,158,590,"1,409","1,610",418
E07000103,"90,301","64,885",61,"3,104","4,923","6,082",362,822,"3,981","5,229",852
E07000104,"110,535","92,781",155,"2,797","3,526",734,465,"1,914","2,065","4,989","1,109"
,,,,,,,,,,,
E10000020,"857,888","827,096",922,"10,027","4,043",700,933,"3,208","4,133","4,609","2,217"
E07000143,"130,491","126,912",204,"1,562",295,81,101,202,361,596,177
E07000144,"124,646","121,751",44,"1,064",405,45,96,286,433,331,191
E07000145,"97,277","94,152",63,"1,159",446,116,18,189,435,439,260
E07000146,"147,451","143,154",255,"1,372",668,134,51,386,624,561,246
E07000147,"101,499","100,081",46,617,112,5,67,141,206,157,67
E07000148,"132,512","120,248",127,"3,039","1,684",255,540,"1,679","1,686","2,147","1,107"
E07000149,"124,012","120,798",183,"1,214",433,64,60,325,388,378,169
,,,,,,,,,,,
E10000029,"728,163","692,591",604,"12,472","3,999",697,"2,253","2,159","4,023","6,854","2,511"
E07000200,"87,740","85,794",51,827,180,9,65,161,251,264,138
E07000201,"59,748","54,799",108,"1,744",300,135,96,105,627,"1,296",538
E07000202,"133,384","118,447",149,"4,816","1,801",242,"1,687",666,"1,344","3,096","1,136"
E07000203,"96,731","94,591",76,953,170,17,38,158,264,371,93
E07000204,"111,008","106,537",78,"1,404",599,123,126,298,678,902,263
E07000205,"124,298","119,925",51,"1,513",769,115,145,463,540,556,221
E07000206,"115,254","112,498",91,"1,215",180,56,96,308,319,369,122
,,,,,,,,,,,
E12000007,"8,173,941","4,879,239","8,196","405,279","542,857","223,797","222,127","124,250","398,515","1,088,640","281,041"
,,,,,,,,,,,
E13000001,"3,231,901","1,850,154","3,055","189,748","109,933","59,890","163,838","65,983","115,549","540,181","133,570"
E09000007,"220,338","145,888",167,"12,322","6,083","1,489","12,503","6,493","8,878","18,060","8,455"
E09000001,"7,375","5,796",3,289,216,16,232,263,213,193,154
E09000012,"246,270","134,143",474,"15,869","7,599","1,905","6,180","3,436","6,747","56,858","13,059"
E09000013,"182,493","124,005",217,"10,044","3,451","1,612","1,056","3,140","7,376","21,505","10,087"
E09000014,"254,926","153,973",370,"16,548","5,945","1,920","4,417","3,744","8,124","47,830","12,055"
E09000019,"206,125","140,352",163,"13,339","3,534",951,"4,662","4,457","5,430","26,294","6,943"
E09000020,"158,649","111,898",119,"8,986","2,577",911,836,"3,968","7,569","10,333","11,452"
E09000022,"303,086","172,830",195,"23,160","4,983","3,072","2,221","4,573","6,089","78,542","7,421"
E09000023,"275,885","147,478",208,"20,472","4,600","1,596","1,388","6,164","11,786","74,942","7,251"
E09000025,"307,984","88,754",462,"13,945","42,484","30,307","37,262","3,930","19,912","60,256","10,672"
E09000028,"288,283","156,086",263,"17,778","5,819","1,623","3,912","8,074","7,764","77,511","9,453"
E09000030,"254,096","114,644",175,"10,360","6,787","2,442","81,377","8,109","5,786","18,629","5,787"
E09000032,"306,995","219,053",163,"15,241","8,642","9,718","1,493","3,715","9,770","32,756","6,444"
E09000033,"219,396","135,254",76,"11,395","7,213","2,328","6,299","5,917","10,105","16,472","24,337"
,,,,,,,,,,,
E13000002,"4,942,040","3,029,085","5,141","215,531","432,924","163,907","58,289","58,267","282,966","548,459","147,471"
E09000002,"185,911","108,204",182,"7,878","7,436","8,007","7,701","1,315","5,135","37,140","2,913"
E09000003,"356,386","228,402",151,"17,169","27,920","5,344","2,215","8,259","22,180","27,431","17,315"
E09000004,"231,997","189,338",624,"5,395","7,047",730,777,"2,514","4,175","19,624","1,773"
E09000005,"311,215","112,560",320,"15,775","58,017","14,381","1,749","3,250","28,589","58,632","17,942"
E09000006,"309,392","260,290",580,"10,897","6,215","1,014","1,265","2,768","4,805","18,686","2,872"
E09000008,"363,378","199,961",234,"23,895","24,660","10,865","2,570","3,925","17,607","73,256","6,405"
E09000009,"338,449","165,518",300,"15,066","48,240","14,711","1,786","4,132","31,570","36,860","20,266"
E09000010,"312,466","190,296",344,"17,183","11,648","2,594","5,599","2,588","12,464","53,687","16,063"
E09000011,"254,557","158,572",430,"12,274","7,836","2,594","1,645","5,061","12,758","48,655","4,732"
E09000015,"239,056","100,810",181,"9,499","63,051","7,797","1,378","2,629","26,953","19,708","7,050"
E09000016,"237,232","207,789",160,"4,933","5,017","1,492",975,"1,459","2,602","11,481","1,324"
E09000017,"273,936","165,687",344,"10,479","36,795","9,200","2,639","2,889","17,730","20,082","8,091"
E09000018,"253,957","130,322",183,"10,349","48,161","13,676","2,189","2,405","20,826","16,813","9,033"
E09000021,"160,060","119,124",95,"6,269","6,325","3,009",892,"2,883","13,043","4,021","4,399"
E09000024,"199,693","129,390",216,"9,334","8,106","7,337","2,216","2,618","15,866","20,811","3,799"
E09000026,"278,970","118,506",140,"11,456","45,660","31,051","16,011","3,000","20,781","24,845","7,520"
E09000027,"186,990","160,630",95,"6,780","5,202","1,163",867,"1,753","4,622","2,816","3,062"
E09000029,"190,146","149,256",193,"7,134","6,454","2,595","1,183","2,240","9,563","9,120","2,408"
E09000031,"258,249","134,430",369,"13,766","9,134","26,347","4,632","2,579","11,697","44,791","10,504"
,,,,,,,,,,,
E12000008,"8,634,750","7,813,278","14,542","167,764","152,132","99,246","27,951","53,061","119,652","136,013","51,111"
,,,,,,,,,,,
E06000036,"113,205","102,436",118,"2,303","1,989",518,134,556,"2,467","2,189",495
E06000043,"273,369","243,314",198,"10,408","2,996",649,"1,367","2,999","3,267","4,188","3,983"
E06000046,"138,265","134,451",94,"1,709",435,80,131,219,649,303,194
E06000035,"263,925","236,069",510,"5,176","7,132","1,516","1,304","1,065","2,598","6,663","1,892"
E06000042,"248,821","199,022",72,"8,235","8,106","3,851","1,989","2,722","6,114","17,131","1,579"
E06000044,"205,056","181,097",85,"5,467","2,911",539,"3,649","2,611","2,764","3,777","2,156"
E06000038,"155,698","116,297",90,"6,180","6,514","6,967",695,"1,603","5,382","10,470","1,500"
E06000039,"140,205","63,833",220,"4,758","21,922","24,869",549,797,"7,560","12,115","3,582"
E06000045,"236,882","203,187",341,"5,678","6,742","3,019","1,401","3,449","5,281","5,067","2,717"
E06000037,"153,822","145,690",164,"2,420","1,675",473,225,659,776,"1,376",364
E06000040,"144,560","124,286",219,"3,315","5,860","4,238",393,"1,071","2,286","1,725","1,167"
E06000041,"154,380","136,234",291,"3,182","5,331","2,865",222,"1,203","1,817","2,093","1,142"
,,,,,,,,,,,
E10000002,"505,283","436,056",614,"12,360","11,368","21,236","1,089","2,554","7,022","10,490","2,494"
E07000004,"174,137","155,945",134,"3,864","1,872","5,408",201,636,"1,988","3,323",766
E07000005,"92,635","84,628",121,"2,040","1,799","1,772",120,442,913,524,276
E07000006,"66,867","56,109",256,"1,607","4,758",965,171,527,"1,112",709,653
E07000007,"171,644","139,374",103,"4,849","2,939","13,091",597,949,"3,009","5,934",799
,,,,,,,,,,,
E10000011,"526,671","504,607",815,"7,473","2,253",317,"1,042","1,931","3,600","2,912","1,721"
E07000061,"99,412","93,442",66,"1,791",671,107,287,621,"1,109",783,535
E07000062,"90,254","84,481",150,"1,948",487,78,276,366,919,"1,065",484
E07000063,"97,502","94,062",97,"1,275",360,64,153,316,507,416,252
E07000064,"90,588","87,817",134,"1,031",276,16,109,217,485,305,198
E07000065,"148,915","144,805",368,"1,428",459,52,217,411,580,343,252
,,,,,,,,,,,
E10000014,"1,317,788","1,250,054","2,069","18,051","10,731","1,803","2,143","5,605","15,074","8,298","3,960"
E07000084,"167,799","155,725",163,"2,813","2,437",389,330,"1,221","2,338","1,909",474
E07000085,"115,608","111,368",267,"1,305",481,31,165,316,866,517,292
E07000086,"125,199","118,346",191,"1,740","1,954",160,294,625,707,605,577
E07000087,"111,581","107,874",85,"1,359",663,77,125,467,335,357,239
E07000088,"82,622","79,653",32,"1,066",428,31,149,214,251,592,206
E07000089,"91,033","86,082",273,"1,457",880,141,136,435,856,506,267
E07000090,"120,684","117,098",64,"1,514",504,72,155,313,383,388,193
E07000091,"176,462","171,737",423,"1,620",472,34,195,338,626,612,405
E07000092,"93,807","79,365",155,"2,057","1,310",635,206,497,"7,107","1,868",607
E07000093,"116,398","111,492",153,"1,494",937,141,166,434,690,487,404
E07000094,"116,595","111,314",263,"1,626",665,92,222,745,915,457,296
,,,,,,,,,,,
E10000016,"1,463,740","1,366,417","4,685","22,107","18,136","2,406","3,381","5,978","17,713","16,216","6,701"
E07000105,"117,956","109,989",531,"1,682",958,161,185,431,"2,256","1,375",388
E07000106,"151,145","140,246",374,"2,551","1,448",306,251,"1,436","1,694","1,937",902
E07000107,"97,365","84,826",244,"2,161","2,670",179,431,538,"1,981","3,578",757
E07000108,"111,674","107,732",234,"1,029",397,40,151,274,"1,169",386,262
E07000109,"101,720","83,906",320,"2,066","7,538",550,477,326,"1,713","2,885","1,939"
E07000110,"155,143","145,158",838,"2,345","1,226",340,381,461,"2,535","1,380",479
E07000111,"114,893","109,638",391,"1,675",712,106,146,500,621,853,251
E07000112,"107,969","102,051",164,"1,267",413,93,226,281,"2,686",458,330
E07000113,"135,835","130,425",730,"1,575",545,107,206,233,398,"1,395",221
E07000114,"134,186","128,007",187,"2,186",738,184,178,450,954,910,392
E07000115,"120,805","115,522",350,"1,677",755,165,236,496,779,421,404
E07000116,"115,049","108,917",322,"1,893",736,175,513,552,927,638,376
,,,,,,,,,,,
E10000025,"653,798","593,381",623,"13,233","8,140","7,846","2,491","5,618","7,562","11,424","3,480"
E07000177,"141,868","130,656",105,"2,560","1,681","2,382",184,657,"1,135","1,961",547
E07000178,"151,906","117,865",92,"6,035","4,449","4,825","1,791","3,559","4,203","7,028","2,059"
E07000179,"134,257","128,858",135,"1,801",814,194,179,443,775,768,290
E07000180,"120,988","114,715",109,"1,574",842,350,185,649,936,"1,230",398
E07000181,"104,779","101,287",182,"1,263",354,95,152,310,513,437,186
,,,,,,,,,,,
E10000030,"1,132,390","1,021,421","2,261","23,554","20,232","10,818","3,400","9,461","19,587","12,430","9,226"
E07000207,"130,875","117,970",153,"3,411","2,489",555,504,"1,143","2,384","1,010","1,256"
E07000208,"75,102","64,370",132,"1,922","1,828",667,325,922,"2,742","1,128","1,066"
E07000209,"137,183","124,216",491,"2,501","1,661",487,320,"1,884","2,264","1,656","1,703"
E07000210,"85,375","81,040",128,"1,257",707,152,206,358,754,399,374
E07000211,"137,835","124,700",179,"3,037","2,192","1,189",532,914,"2,165","2,166",761
E07000212,"80,510","71,413",220,"1,671","2,022",378,235,"1,173","1,753",862,783
E07000213,"95,598","83,263",192,"2,382","4,013",656,259,621,"1,746","1,545",921
E07000214,"86,144","77,530",162,"1,626","1,713",667,298,535,"2,176",861,576
E07000215,"82,998","77,594",286,"1,789",746,139,102,418,759,882,283
E07000216,"121,572","116,550",167,"1,623",533,246,169,623,712,538,411
E07000217,"99,198","82,775",151,"2,335","2,328","5,682",450,870,"2,132","1,383","1,092"
,,,,,,,,,,,
E10000032,"806,892","755,426","1,073","12,155","9,659","5,236","2,346","2,960","8,133","7,146","2,758"
E07000223,"61,182","58,542",121,886,234,55,269,242,258,313,262
E07000224,"149,518","144,956",162,"1,502",498,107,367,412,732,538,244
E07000225,"113,794","110,084",238,"1,092",470,36,131,339,641,518,245
E07000226,"106,597","85,103",77,"3,098","5,530","4,548",427,496,"2,824","3,469","1,025"
E07000227,"131,301","125,828",234,"1,774",734,165,209,472,"1,005",651,229
E07000228,"139,860","132,876",142,"1,967","1,410",154,399,525,"1,273",788,326
E07000229,"104,640","98,037",99,"1,836",783,171,544,474,"1,400",869,427
,,,,,,,,,,,
E12000009,"5,288,935","5,040,798","5,631","71,884","34,188","11,622","8,416","22,243","29,068","49,476","15,609"
,,,,,,,,,,,
E06000022,"176,016","166,415",58,"2,898","1,116",170,219,"1,912","1,160","1,326",742
E06000028,"183,491","168,579",218,"4,191","1,940",213,408,"1,840","2,665","1,764","1,673"
E06000023,"428,234","359,233",359,"15,438","6,547","6,863","2,104","3,886","4,255","25,734","3,815"
E06000052,"532,273","522,213",635,"4,400",837,107,280,"1,004","1,206",762,829
E06000053,"2,203","2,177",0,18,0,0,0,0,2,2,4
E06000024,"202,566","196,900",176,"2,033",817,111,299,619,590,632,389
E06000026,"256,384","246,356",153,"3,287",875,202,359,"1,251","1,219","1,678","1,004"
E06000029,"147,645","141,309",214,"1,916","1,098",96,382,698,"1,002",520,410
E06000025,"262,767","249,303",271,"3,667","2,699",698,238,"1,312","1,493","2,218",868
E06000030,"209,156","187,718",180,"4,226","6,901","1,292",936,954,"3,282","2,861",806
E06000027,"130,959","127,662",37,"1,420",403,79,99,261,511,251,236
E06000054,"470,981","454,214",757,"5,568","1,547",215,595,"1,210","2,611","3,228","1,036"
,,,,,,,,,,,
E10000008,"746,399","727,519",554,"6,520","1,873",280,570,"3,195","2,792","1,413","1,683"
E07000040,"132,457","130,257",90,904,220,6,71,210,423,146,130
E07000041,"117,773","109,497",93,"1,938",946,164,227,"1,998","1,260",667,983
E07000042,"77,750","76,608",88,484,116,7,18,167,120,94,48
E07000043,"93,667","91,697",45,785,215,67,78,152,323,158,147
E07000044,"83,140","81,739",45,653,115,12,64,102,165,121,124
E07000045,"124,220","122,045",118,925,165,17,78,347,286,117,122
E07000046,"63,839","62,967",54,429,39,3,17,126,86,51,67
E07000047,"53,553","52,709",21,402,57,4,17,93,129,59,62
,,,,,,,,,,,
E10000009,"412,905","403,762",555,"3,400",737,151,525,943,"1,477",924,431
E07000048,"47,752","46,543",48,505,97,5,44,179,170,83,78
E07000049,"87,166","85,474",171,594,157,43,198,167,172,106,84
E07000050,"68,583","66,882",95,552,111,11,76,128,470,197,61
E07000051,"44,973","44,251",89,326,33,12,27,54,105,48,28
E07000052,"99,264","97,180",104,770,242,59,87,242,304,169,107
E07000053,"65,167","63,432",48,653,97,21,93,173,256,321,73
,,,,,,,,,,,
E10000013,"596,984","568,916",731,"8,661","5,729",942,960,"1,911","2,891","5,150","1,093"
E07000078,"115,732","109,016",68,"1,878","1,584",179,315,760,837,721,374
E07000079,"82,881","80,988",87,698,218,16,38,223,299,229,85
E07000080,"81,961","80,621",78,528,159,25,1,129,159,199,62
E07000081,"121,688","108,326",136,"3,565","3,204",639,490,448,"1,058","3,486",336
E07000082,"112,779","110,369",57,"1,216",177,28,53,193,300,260,126
E07000083,"81,943","79,596",305,776,387,55,63,158,238,255,110
,,,,,,,,,,,
E10000027,"529,972","518,522",733,"4,241","1,069",203,442,"1,247","1,912","1,013",590
E07000187,"109,279","106,811",246,996,227,21,69,256,356,210,87
E07000188,"114,588","112,592",132,869,144,34,150,139,268,140,120
E07000189,"161,243","157,982",148,"1,158",342,87,90,378,512,357,189
E07000190,"110,187","106,923",193,"1,010",324,59,108,448,669,286,167
E07000191,"34,675","34,214",14,208,32,2,25,26,107,20,27
,,,,,,,,,,,
W92000004,"3,063,456","2,925,468","2,785","31,521","17,256","12,229","10,687","13,638","16,318","18,276","15,278"
,,,,,,,,,,,
W06000001,"69,751","68,455",65,480,135,33,53,153,117,81,179
W06000002,"121,874","117,420",153,964,461,220,176,905,408,289,878
W06000003,"115,228","112,484",65,894,317,101,134,376,324,199,334
W06000004,"93,734","91,220",34,751,240,157,111,346,576,161,138
W06000005,"152,506","150,066",95,851,296,87,223,323,272,142,151
W06000006,"134,844","130,543",104,"1,010",857,181,206,426,651,625,241
W06000023,"132,976","130,699",128,760,145,9,67,171,750,132,115
W06000008,"75,922","73,369",74,736,367,81,91,322,238,266,378
W06000009,"122,439","119,667",454,733,341,69,103,205,474,179,214
W06000010,"183,777","179,988",335,"1,033",563,159,117,298,700,279,305
W06000011,"239,023","224,612",85,"2,160","1,477",591,"1,944","2,052","1,739","1,983","2,380"
W06000012,"139,812","136,962",125,910,280,125,311,280,373,299,147
W06000013,"139,178","136,027",63,998,337,122,114,356,620,315,226
W06000014,"126,336","121,817",21,"1,695",566,216,121,454,610,489,347
W06000015,"346,090","292,593",521,"10,031","7,886","6,354","4,838","4,168","4,639","8,201","6,859"
W06000016,"234,410","228,188",53,"1,506",656,267,106,"1,065",936,"1,308",325
W06000024,"58,802","57,329",62,462,168,50,45,120,313,143,110
W06000018,"178,806","175,814",31,"1,174",327,123,32,495,369,242,199
W06000019,"69,814","68,678",72,394,202,39,26,122,96,95,90
W06000020,"91,075","89,076",155,603,172,64,80,208,453,169,95
W06000021,"91,323","89,520",6,624,245,54,40,193,368,144,129
W06000022,"145,736","130,941",84,"2,752","1,218","3,127","1,749",600,"1,292","2,535","1,438"
,,,,,,,,,,,
S92000003 ,"5,295,403","5,080,195","4,212","19,815","32,706","49,381","3,788","33,706","21,097","36,178","14,325"
,,,,,,,,,,,
S12000033,"222,793","204,436",279,"1,488","3,384","1,042",587,"2,187","2,319","5,630","1,441"
S12000034,"252,973","248,937",175,771,473,253,138,424,749,759,294
S12000041,"115,978","114,279",189,264,163,266,17,264,211,200,125
S12000035,"88,166","86,971",96,277,115,102,41,146,161,191,66
S12000005,"51,442","50,580",68,128,80,312,6,90,48,108,22
S12000006,"151,324","149,451",102,413,301,167,55,279,230,199,127
S12000042,"147,268","138,362",98,685,"1,417","2,047",310,"1,274",790,"1,439",846
S12000008,"122,767","121,304",60,253,189,272,10,315,123,147,94
S12000045,"105,026","100,595",27,420,"1,569",752,44,701,371,241,306
S12000010,"99,717","97,998",13,363,275,288,43,209,140,286,102
S12000011,"90,574","85,195",16,386,"1,061","2,779",14,476,241,168,238
S12000036,"476,626","436,779",388,"4,087","6,470","5,858","1,277","8,076","4,583","5,505","3,603"
S12000013,"27,684","27,429",10,67,41,26,12,12,51,18,18
S12000014,"155,990","152,892",145,334,413,"1,148",11,275,226,331,215
S12000015,"365,198","356,234",316,"1,257","1,066","1,902",118,"1,735",927,"1,126",517
S12000046 ,"593,245","524,154",407,"2,879","8,640","22,405",458,"10,689","5,566","14,246","3,801"
S12000017,"232,132","228,690",291,664,462,234,217,379,574,407,214
S12000018,"81,485","80,368",8,179,256,171,5,196,120,133,49
S12000019,"83,187","81,643",72,210,180,371,41,130,188,258,94
S12000020,"93,295","92,184",79,232,101,149,16,164,169,145,56
S12000021,"138,146","136,590",58,319,328,108,22,315,175,148,83
S12000044,"337,727","330,474",205,708,997,"3,003",42,898,445,703,252
S12000023,"21,349","21,190",3,39,18,15,7,18,31,17,11
S12000024,"146,652","143,261",415,471,585,331,73,461,402,383,270
S12000038,"174,908","170,057",70,437,"1,028",965,19,823,275,923,311
S12000026,"113,870","112,336",64,316,184,124,45,200,180,298,123
S12000027,"23,167","22,805",8,72,21,45,18,73,77,31,17
S12000028,"112,799","111,282",98,282,278,159,13,276,169,139,103
S12000029,"313,830","306,422",203,779,"1,344","2,117",93,"1,012",590,871,399
S12000030,"90,247","87,322",68,323,349,299,20,951,443,262,210
S12000039,"90,720","89,204",102,178,277,251,5,160,152,291,100
S12000040,"175,118","170,771",79,534,641,"1,420",11,498,371,575,218
,,,,,,,,,,,
N92000002 ,"1,810,863","1,778,449","1,301","6,014","6,198","1,091",540,"6,303","4,998","3,616","2,353"
,,,,,,,,,,,
95T ,"53,428","52,291",20,213,366,46,3,168,146,141,34
95X ,"78,078","77,267",11,200,61,11,134,161,128,41,64
95O ,"59,340","58,814",75,99,105,13,4,117,49,13,51
95G ,"64,044","63,350",81,99,86,52,6,128,120,47,75
95D ,"31,224","31,054",9,54,32,0,0,45,9,10,11
95Q ,"48,339","47,944",11,119,32,21,6,76,63,18,49
95Z ,"280,962","270,743",202,"1,401","2,203",222,202,"2,226","1,932","1,255",576
95V ,"39,114","38,617",4,169,77,16,5,93,61,43,29
95Y ,"67,242","65,266",10,308,317,96,38,496,463,129,119
95C ,"59,067","58,168",11,199,131,36,8,222,132,76,84
95I ,"37,013","36,697",6,61,20,15,0,89,17,98,10
95N ,"93,023","91,043",50,388,237,162,15,336,352,303,137
95A ,"107,877","106,005",74,388,608,47,12,258,189,171,125
95R ,"69,731","68,929",20,214,123,4,21,137,64,145,74
95M ,"57,852","56,405",230,244,101,7,5,94,144,370,252
95L ,"61,805","61,195",37,125,136,37,5,75,94,29,72
95F ,"32,180","31,981",7,73,30,3,1,54,12,13,6
95B ,"33,536","33,285",20,66,21,3,3,43,60,14,21
95S ,"120,165","118,097",100,447,460,53,7,348,273,239,141
95H ,"45,038","44,675",22,94,66,1,1,87,37,9,46
95E ,"17,050","16,915",0,37,41,0,0,29,12,5,11
95P ,"99,480","98,498",163,191,144,40,8,163,93,79,101
95U ,"85,139","83,344",7,307,442,111,12,503,224,114,75
95W ,"78,937","77,428",11,357,231,83,43,245,194,231,114
95K ,"51,356","50,897",78,87,66,11,1,67,97,14,38
95J ,"39,843","39,541",42,74,62,1,0,43,33,9,38
