Area code,All categories: Long-term health problem or disability,Day-to-day activities limited2 a lot,Day-to-day activities limited2 a little,Day-to-day activities not limited2,Day-to-day activities limited2 a lot: Age 16 to 64,Day-to-day activities limited2 a little: Age 16 to 64,Day-to-day activities not limited: Age 16 to 64,Very good health,Good health,Fair health,Bad health,Very bad health,Provides no unpaid care,Provides 1 to 19 hours unpaid care a week,Provides 20 to 49 hours unpaid care a week,Provides 50 or more hours unpaid care a week
K02000001,"63,182,178","5,490,807","5,972,651","51,718,720","2,442,214","2,984,299","35,503,752","30,077,077","21,245,436","8,315,694","2,735,364","808,607","56,675,721","4,060,706","897,374","1,548,377"
K03000001,"61,371,315","5,275,575","5,813,237","50,282,503","2,330,663","2,898,462","34,533,320","29,212,890","20,669,820","8,046,762","2,654,822","787,021","55,078,838","3,938,405","862,005","1,492,067"
K04000001,"56,075,912","4,769,712","5,278,729","46,027,471","2,086,236","2,619,966","31,567,505","26,434,409","19,094,820","7,401,881","2,428,668","716,134","50,275,666","3,665,072","775,189","1,359,985"
E92000001,"53,012,456","4,405,394","4,947,192","43,659,870","1,924,080","2,452,742","29,952,269","25,005,712","18,141,457","6,954,092","2,250,446","660,749","47,582,440","3,452,636","721,143","1,256,237"
W92000004,"3,063,456","364,318","331,537","2,367,601","162,156","167,224","1,615,236","1,428,697","953,363","447,789","178,222","55,385","2,693,226","212,436","54,046","103,748"
S92000003 ,"5,295,403","505,863","534,508","4,255,032","244,427","278,496","2,965,815","2,778,481","1,575,000","644,881","226,154","70,887","4,803,172","273,333","86,816","132,082"
N92000002 ,"1,810,863","215,232","159,414","1,436,217","111,551","85,837","970,432","864,187","575,616","268,932","80,542","21,586","1,596,883","122,301","35,369","56,310"
,,,,,,,,,,,,,,,,
,,,,,,,,,,,,,,,,
E92000001,"53,012,456","4,405,394","4,947,192","43,659,870","1,924,080","2,452,742","29,952,269","25,005,712","18,141,457","6,954,092","2,250,446","660,749","47,582,440","3,452,636","721,143","1,256,237"
,,,,,,,,,,,,,,,,
E12000001,"2,596,886","285,087","277,105","2,034,694","132,039","140,910","1,412,015","1,142,170","866,035","395,243","149,374","44,064","2,310,535","165,828","41,778","78,745"
,,,,,,,,,,,,,,,,
E06000047,"513,242","62,875","58,411","391,956","29,292","29,985","273,636","217,373","171,564","82,404","32,568","9,333","453,187","34,336","8,826","16,893"
E06000005,"105,564","9,821","10,902","84,841","4,474","5,195","57,249","47,046","37,199","15,116","4,763","1,440","94,516","6,863","1,427","2,758"
E06000001,"92,028","11,137","10,178","70,713","5,319","5,336","47,975","39,816","30,117","14,607","5,789","1,699","82,104","5,325","1,555","3,044"
E06000002,"138,412","14,959","13,919","109,534","7,593","7,498","74,627","62,855","45,295","19,719","8,001","2,542","124,252","7,516","2,301","4,343"
E06000048,"316,028","30,940","34,558","250,530","13,138","16,047","169,673","138,990","108,458","48,580","15,641","4,359","280,331","22,304","4,553","8,840"
E06000003,"135,177","15,482","15,235","104,460","6,788","7,394","70,577","57,285","45,844","21,449","8,184","2,415","119,143","9,004","2,450","4,580"
E06000004,"191,610","17,677","18,731","155,202","8,202","9,614","106,736","88,811","64,282","26,385","9,296","2,836","171,686","11,683","2,933","5,308"
,,,,,,,,,,,,,,,,
E11000004,"1,104,825","122,196","115,171","867,458","57,233","59,841","611,542","489,994","363,276","166,983","65,132","19,440","985,316","68,797","17,733","32,979"
E08000020,"200,214","22,917","21,435","155,862","10,669","10,831","107,971","85,320","67,807","31,158","12,152","3,777","177,994","12,588","3,381","6,251"
E08000021,"280,177","26,661","25,916","227,600","12,966","14,012","166,506","133,933","89,096","38,018","14,793","4,337","254,367","15,248","3,726","6,836"
E08000022,"200,801","20,246","21,159","159,396","9,091","10,474","110,228","90,031","66,955","30,156","10,638","3,021","178,593","13,789","2,941","5,478"
E08000023,"148,127","18,166","16,315","113,646","8,337","8,323","78,687","63,345","48,861","23,700","9,394","2,827","131,387","9,351","2,596","4,793"
E08000024,"275,506","34,206","30,346","210,954","16,170","16,201","148,150","117,365","90,557","43,951","18,155","5,478","242,975","17,821","5,089","9,621"
,,,,,,,,,,,,,,,,
E12000002,"7,052,177","724,045","702,760","5,625,372","339,883","364,185","3,852,406","3,276,592","2,314,301","982,586","372,194","106,504","6,270,205","469,493","113,003","199,476"
,,,,,,,,,,,,,,,,
E06000008,"147,489","15,563","14,278","117,648","8,415","8,523","77,123","66,991","49,010","20,725","8,428","2,335","131,733","8,769","2,691","4,296"
E06000009,"142,065","19,247","17,084","105,734","9,278","9,143","71,039","56,600","48,022","23,977","10,346","3,120","125,746","8,635","2,592","5,092"
E06000049,"370,127","29,206","35,625","305,296","11,098","15,896","206,008","181,595","123,065","47,306","14,247","3,914","330,124","27,525","4,454","8,024"
E06000050,"329,608","29,098","31,897","268,613","11,961","14,811","183,601","159,777","108,967","42,604","14,259","4,001","292,487","23,941","4,723","8,457"
E06000006,"125,746","14,556","12,309","98,881","7,370","6,979","67,989","58,684","39,693","17,504","7,732","2,133","110,728","8,009","2,440","4,569"
E06000007,"202,228","16,940","18,057","167,231","7,280","9,112","114,871","100,734","66,223","24,446","8,466","2,359","180,385","13,862","2,837","5,144"
,,,,,,,,,,,,,,,,
E10000006,"499,858","48,523","53,198","398,137","20,392","24,268","268,810","225,018","172,789","71,966","23,604","6,481","443,363","35,927","7,265","13,303"
E07000026,"96,422","9,718","10,309","76,395","3,955","4,707","51,460","42,887","33,297","14,210","4,762","1,266","85,648","6,632","1,436","2,706"
E07000027,"69,087","8,961","8,062","52,064","4,202","4,129","35,510","29,538","22,865","10,898","4,542","1,244","60,842","4,573","1,308","2,364"
E07000028,"107,524","9,919","10,704","86,901","4,459","5,172","59,514","48,593","37,494","15,030","4,964","1,443","96,219","7,233","1,418","2,654"
E07000029,"70,603","7,537","7,524","55,542","3,477","3,631","38,151","31,329","23,938","10,516","3,760","1,060","62,622","4,695","1,179","2,107"
E07000030,"52,564","4,098","5,370","43,096","1,502","2,225","28,720","24,210","18,810","7,195","1,875",474,"46,602","4,208",620,"1,134"
E07000031,"103,658","8,290","11,229","84,139","2,797","4,404","55,455","48,461","36,385","14,117","3,701",994,"91,430","8,586","1,304","2,338"
,,,,,,,,,,,,,,,,
E11000001,"2,682,528","263,539","257,775","2,161,214","130,876","141,320","1,486,560","1,253,141","879,478","369,106","140,773","40,030","2,402,229","167,105","41,800","71,394"
E08000001,"276,786","27,773","27,140","221,873","13,476","14,913","148,781","125,548","93,765","39,139","14,465","3,869","246,137","18,187","4,525","7,937"
E08000002,"185,060","16,733","18,088","150,239","7,877","9,424","101,094","87,128","61,634","25,430","8,539","2,329","165,106","12,493","2,746","4,715"
E08000003,"503,127","47,353","42,011","413,763","27,026","26,741","304,398","245,334","159,452","62,651","27,014","8,676","460,487","23,109","7,568","11,963"
E08000004,"224,897","22,535","21,791","180,571","11,046","11,975","118,464","101,526","74,987","32,778","12,179","3,427","200,575","14,526","3,651","6,145"
E08000005,"211,699","22,630","21,729","167,340","11,836","12,145","112,119","94,233","70,158","31,303","12,453","3,552","188,439","13,550","3,605","6,105"
E08000006,"233,933","25,709","22,708","185,516","12,902","12,794","129,878","107,689","75,685","32,849","13,741","3,969","210,531","13,228","3,725","6,449"
E08000007,"283,275","24,487","27,772","231,016","10,520","13,345","154,930","135,500","94,251","37,601","12,505","3,418","251,293","21,091","3,921","6,970"
E08000008,"219,324","23,307","22,624","173,393","11,628","12,313","118,474","96,404","73,918","33,009","12,492","3,501","195,265","14,106","3,594","6,359"
E08000009,"226,578","18,165","20,438","187,975","8,037","9,890","126,554","115,496","71,694","27,549","9,273","2,566","203,051","15,653","2,981","4,893"
E08000010,"317,849","34,847","33,474","249,528","16,528","17,780","171,868","144,283","103,934","46,797","18,112","4,723","281,345","21,162","5,484","9,858"
,,,,,,,,,,,,,,,,
E10000017,"1,171,339","115,343","119,669","936,327","50,316","58,963","636,484","538,205","394,234","165,605","57,185","16,110","1,038,126","83,377","17,672","32,164"
E07000117,"87,059","10,090","9,517","67,452","5,007","5,203","45,571","37,372","29,286","13,682","5,213","1,506","77,204","5,861","1,379","2,615"
E07000118,"107,155","9,626","10,112","87,417","4,228","5,137","60,205","51,303","35,705","14,222","4,623","1,302","94,837","7,937","1,652","2,729"
E07000119,"75,757","7,849","8,714","59,194","2,823","3,554","39,037","33,815","25,591","11,619","3,692","1,040","66,570","5,907","1,131","2,149"
E07000120,"80,734","9,153","8,400","63,181","4,470","4,623","42,190","34,759","27,610","12,225","4,800","1,340","71,811","5,193","1,220","2,510"
E07000121,"138,375","12,751","14,176","111,448","5,286","6,801","77,953","64,577","46,831","18,960","6,215","1,792","123,760","9,261","1,819","3,535"
E07000122,"89,452","9,280","9,428","70,744","4,540","4,959","47,279","38,965","30,826","13,431","4,921","1,309","79,206","6,432","1,412","2,402"
E07000123,"140,202","12,605","12,880","114,717","6,295","7,297","80,584","65,276","47,840","18,585","6,644","1,857","126,063","8,490","2,198","3,451"
E07000124,"57,132","4,076","5,470","47,586","1,454","2,253","31,314","29,415","18,376","7,049","1,805",487,"50,591","4,758",617,"1,166"
E07000125,"67,982","6,818","6,692","54,472","3,257","3,611","37,402","31,438","22,508","9,603","3,475",958,"60,348","4,864",988,"1,782"
E07000126,"109,057","9,227","10,409","89,421","3,706","4,970","61,075","52,009","37,211","14,240","4,473","1,124","96,565","8,169","1,558","2,765"
E07000127,"110,685","11,212","10,926","88,547","4,697","5,179","59,961","52,675","36,226","14,800","5,380","1,604","97,259","8,242","1,812","3,372"
E07000128,"107,749","12,656","12,945","82,148","4,553","5,376","53,913","46,601","36,224","17,189","5,944","1,791","93,912","8,263","1,886","3,688"
,,,,,,,,,,,,,,,,
E11000002,"1,381,189","172,030","142,868","1,066,291","82,897","75,170","739,921","635,847","432,820","199,347","87,154","26,021","1,215,284","92,343","26,529","47,033"
E08000011,"145,893","20,786","14,965","110,142","10,486","8,222","75,503","67,153","43,505","21,420","10,631","3,184","128,028","8,782","3,207","5,876"
E08000012,"466,415","59,484","45,136","361,795","31,281","26,515","265,053","217,977","142,132","65,422","31,162","9,722","415,853","26,627","8,950","14,985"
E08000014,"273,790","32,202","29,859","211,729","13,750","13,895","141,779","124,069","89,115","40,620","15,549","4,437","239,243","20,527","5,014","9,006"
E08000013,"175,308","21,660","18,602","135,046","9,975","9,613","92,384","78,620","55,983","26,198","11,364","3,143","152,717","12,528","3,590","6,473"
E08000015,"319,783","37,898","34,306","247,579","17,405","16,925","165,202","148,028","102,085","45,687","18,448","5,535","279,443","23,879","5,768","10,693"
,,,,,,,,,,,,,,,,
E12000003,"5,283,733","478,358","515,291","4,290,084","211,198","257,601","2,942,571","2,407,907","1,817,231","739,959","247,942","70,694","4,732,392","341,658","74,574","135,109"
,,,,,,,,,,,,,,,,
E06000011,"334,179","29,029","34,936","270,214","10,822","14,707","181,349","151,003","116,859","48,307","13,877","4,133","296,811","24,355","4,418","8,595"
E06000010,"256,406","25,672","24,719","206,015","12,535","13,734","146,040","110,555","89,572","38,102","14,047","4,130","232,770","12,602","3,622","7,412"
E06000012,"159,616","14,786","16,334","128,496","6,384","7,934","86,772","70,242","55,935","23,779","7,507","2,153","143,623","9,114","2,117","4,762"
E06000013,"167,446","15,333","16,946","135,167","6,408","8,146","91,512","73,234","59,883","24,667","7,593","2,069","149,289","11,092","2,381","4,684"
E06000014,"198,051","13,018","17,357","167,676","4,757","8,088","120,015","98,402","67,709","23,752","6,369","1,819","179,827","12,701","1,934","3,589"
,,,,,,,,,,,,,,,,
E10000023,"598,376","45,699","59,045","493,632","16,534","25,174","329,764","285,526","206,349","78,814","21,734","5,953","533,597","44,753","7,190","12,836"
E07000163,"55,409","4,348","5,589","45,472","1,452","2,200","29,899","26,383","19,150","7,387","1,975",514,"48,798","4,759",674,"1,178"
E07000164,"89,140","6,330","8,695","74,115","2,115","3,527","49,156","43,384","30,682","11,235","2,972",867,"79,136","7,175",957,"1,872"
E07000165,"157,869","10,490","14,129","133,250","3,558","5,897","88,687","79,934","53,313","18,633","4,698","1,291","141,681","11,732","1,632","2,824"
E07000166,"51,965","3,261","4,662","44,042","1,234","2,072","30,316","26,678","17,383","5,988","1,523",393,"47,203","3,281",564,917
E07000167,"51,751","3,881","5,308","42,562","1,329","2,052","27,767","23,555","18,476","7,329","1,846",545,"45,847","4,136",627,"1,141"
E07000168,"108,793","11,369","13,004","84,420","4,537","5,684","55,861","45,241","38,721","17,588","5,712","1,531","96,258","7,663","1,695","3,177"
E07000169,"83,449","6,020","7,658","69,771","2,309","3,742","48,078","40,351","28,624","10,654","3,008",812,"74,674","6,007","1,041","1,727"
,,,,,,,,,,,,,,,,
E11000003,"1,343,601","142,328","138,778","1,062,495","63,774","71,292","736,519","597,414","452,212","198,715","74,077","21,183","1,194,696","86,920","21,570","40,415"
E08000016,"231,221","29,147","26,121","175,953","13,748","13,853","120,724","96,194","77,649","37,956","15,278","4,144","204,054","15,473","4,075","7,619"
E08000017,"302,402","33,644","31,891","236,867","15,425","16,549","161,794","131,738","102,983","45,748","16,982","4,951","269,038","18,918","5,027","9,419"
E08000018,"257,280","29,067","27,521","200,692","12,794","13,969","136,413","111,232","87,237","39,278","15,114","4,419","226,279","17,400","4,736","8,865"
E08000019,"552,698","50,470","53,245","448,983","21,807","26,921","317,588","258,250","184,343","75,733","26,703","7,669","495,325","35,129","7,732","14,512"
,,,,,,,,,,,,,,,,
E11000006,"2,226,058","192,493","207,176","1,826,389","89,984","108,526","1,250,600","1,021,531","768,712","303,823","102,738","29,254","2,001,779","140,121","31,342","52,816"
E08000032,"522,452","43,975","46,552","431,925","21,678","25,845","283,206","234,133","186,031","71,580","23,768","6,940","471,426","30,983","7,738","12,305"
E08000033,"203,826","16,730","19,870","167,226","7,768","10,124","113,281","94,449","70,007","28,091","8,929","2,350","182,457","14,170","2,690","4,509"
E08000034,"422,458","35,694","39,269","347,495","16,729","20,448","234,982","192,366","147,731","58,042","19,030","5,289","378,793","28,118","5,926","9,621"
E08000035,"751,485","59,155","66,523","625,807","27,010","33,964","443,420","361,295","254,023","95,515","31,504","9,148","679,887","45,684","9,473","16,441"
E08000036,"325,837","36,939","34,962","253,936","16,799","18,145","175,711","139,288","110,920","50,595","19,507","5,527","289,216","21,166","5,515","9,940"
,,,,,,,,,,,,,,,,
E12000004,"4,533,222","393,242","451,055","3,688,925","167,610","223,247","2,530,962","2,053,334","1,593,206","634,414","196,010","56,258","4,042,973","311,813","63,603","114,833"
,,,,,,,,,,,,,,,,
E06000015,"248,752","21,984","24,472","202,296","9,898","12,952","137,557","111,837","87,060","35,193","11,413","3,249","223,168","15,682","3,586","6,316"
E06000016,"329,839","27,615","29,522","272,702","14,027","17,602","191,715","148,108","117,551","44,278","14,972","4,930","298,874","17,503","5,533","7,929"
E06000018,"305,680","27,699","27,683","250,298","14,299","16,254","183,999","141,038","103,332","41,581","15,063","4,666","278,726","15,211","4,314","7,429"
E06000017,"37,369","2,271","3,517","31,581",724,"1,401","20,709","18,828","12,718","4,532","1,008",283,"33,570","2,772",356,671
,,,,,,,,,,,,,,,,
E10000007,"769,686","74,564","82,469","612,653","31,082","40,345","418,582","341,665","265,645","114,858","37,177","10,341","676,925","59,947","11,741","21,073"
E07000032,"122,309","11,554","13,255","97,500","4,642","6,472","66,948","53,826","42,795","18,336","5,810","1,542","107,702","9,510","1,785","3,312"
E07000033,"75,866","9,886","8,821","57,159","4,435","4,588","39,385","30,934","25,423","12,965","5,152","1,392","66,242","5,444","1,490","2,690"
E07000034,"103,788","11,948","11,985","79,855","5,421","6,082","54,801","43,274","35,622","16,984","6,204","1,704","90,754","7,884","1,792","3,358"
E07000035,"71,116","5,578","7,608","57,930","1,924","3,222","38,326","33,487","24,683","9,718","2,475",753,"62,113","6,568",889,"1,546"
E07000036,"112,081","9,988","11,648","90,445","4,028","5,690","62,234","49,349","39,666","16,762","4,874","1,430","99,519","8,137","1,508","2,917"
E07000037,"90,892","7,451","9,013","74,428","3,173","4,551","51,023","43,185","30,980","12,011","3,696","1,020","80,578","7,092","1,185","2,037"
E07000038,"99,023","10,594","11,168","77,261","4,296","5,171","52,314","42,535","33,926","15,734","5,319","1,509","85,888","8,382","1,742","3,011"
E07000039,"94,611","7,565","8,971","78,075","3,163","4,569","53,551","45,075","32,550","12,348","3,647",991,"84,129","6,930","1,350","2,202"
,,,,,,,,,,,,,,,,
E10000018,"650,489","45,811","59,612","545,066","16,865","27,051","373,755","308,763","230,844","82,862","21,967","6,053","579,761","48,671","8,017","14,040"
E07000129,"93,915","6,464","8,334","79,117","2,300","3,677","53,482","44,615","33,631","11,764","3,081",824,"83,363","7,244","1,234","2,074"
E07000130,"166,100","11,143","14,726","140,231","4,269","6,946","99,401","79,906","58,637","20,620","5,465","1,472","148,973","11,970","1,863","3,294"
E07000131,"85,382","5,048","7,376","72,958","1,795","3,209","48,439","43,421","29,261","9,707","2,345",648,"76,399","6,563",917,"1,503"
E07000132,"105,078","7,845","9,987","87,246","2,979","4,530","59,633","48,612","37,653","13,974","3,812","1,027","93,284","7,962","1,361","2,471"
E07000133,"50,376","3,165","4,684","42,527","1,060","2,061","28,859","24,349","17,892","6,295","1,449",391,"45,103","3,707",549,"1,017"
E07000134,"93,468","7,837","9,093","76,538","3,028","4,307","52,224","42,477","33,202","12,978","3,733","1,078","82,811","6,973","1,342","2,342"
E07000135,"56,170","4,309","5,412","46,449","1,434","2,321","31,717","25,383","20,568","7,524","2,082",613,"49,828","4,252",751,"1,339"
,,,,,,,,,,,,,,,,
E10000019,"713,653","67,333","78,089","568,231","27,041","35,373","381,510","307,017","256,638","107,948","32,796","9,254","634,391","48,281","10,205","20,776"
E07000136,"64,637","6,199","6,841","51,597","2,610","3,200","34,723","26,298","24,225","10,252","3,058",804,"58,007","3,926",937,"1,767"
E07000137,"136,401","17,475","17,927","100,999","7,197","7,724","65,058","52,138","48,140","24,915","8,671","2,537","118,697","9,524","2,556","5,624"
E07000138,"93,541","8,012","9,254","76,275","3,799","5,037","56,028","41,329","34,216","13,005","3,907","1,084","84,602","5,296","1,196","2,447"
E07000139,"107,766","9,108","11,496","87,162","3,323","5,065","57,820","49,563","37,834","14,941","4,198","1,230","95,573","7,737","1,473","2,983"
E07000140,"88,270","8,376","9,821","70,073","3,115","4,153","46,423","35,771","33,149","13,968","4,167","1,215","78,798","5,681","1,273","2,518"
E07000141,"133,788","10,219","12,910","110,659","3,797","5,780","73,948","62,625","46,999","17,767","5,005","1,392","119,947","9,259","1,603","2,979"
E07000142,"89,250","7,944","9,840","71,466","3,200","4,414","47,510","39,293","32,075","13,100","3,790",992,"78,767","6,858","1,167","2,458"
,,,,,,,,,,,,,,,,
E10000021,"691,952","49,749","62,235","579,968","21,386","31,111","395,548","324,025","249,082","87,222","24,570","7,053","622,454","46,320","8,259","14,919"
E07000150,"61,255","5,437","5,431","50,387","2,669","2,917","34,739","28,138","21,539","8,045","2,697",836,"55,207","3,495",889,"1,664"
E07000151,"77,843","5,115","6,998","65,730","2,061","3,332","44,461","37,709","27,454","9,398","2,577",705,"69,390","5,997",890,"1,566"
E07000152,"86,765","5,975","8,108","72,682","2,313","3,845","48,813","40,656","31,175","11,145","2,945",844,"77,833","6,143",995,"1,794"
E07000153,"93,475","7,166","8,826","77,483","3,049","4,406","52,360","43,038","33,973","12,039","3,477",948,"83,733","6,496","1,142","2,104"
E07000154,"212,069","15,175","18,412","178,482","6,983","9,793","124,065","98,367","77,331","26,530","7,654","2,187","192,386","12,777","2,444","4,462"
E07000155,"85,189","4,899","6,978","73,312","1,676","3,122","49,427","43,204","29,703","9,378","2,247",657,"76,436","6,323",920,"1,510"
E07000156,"75,356","5,982","7,482","61,892","2,635","3,696","41,683","32,913","27,907","10,687","2,973",876,"67,469","5,089",979,"1,819"
,,,,,,,,,,,,,,,,
E10000024,"785,802","76,216","83,456","626,130","32,288","41,158","427,587","352,053","270,336","115,940","37,044","10,429","695,104","57,426","11,592","21,680"
E07000170,"119,497","13,340","13,523","92,634","6,069","7,090","63,301","50,253","41,200","19,484","6,764","1,796","105,429","8,087","2,091","3,890"
E07000171,"112,863","12,202","12,409","88,252","5,283","6,284","60,194","48,326","39,138","17,794","5,912","1,693","99,648","7,988","1,785","3,442"
E07000172,"109,487","9,474","11,117","88,896","3,774","5,279","61,787","49,831","38,276","15,614","4,521","1,245","97,204","8,059","1,563","2,661"
E07000173,"113,543","9,986","11,970","91,587","3,985","5,628","62,557","51,154","39,934","16,473","4,657","1,325","100,101","8,998","1,554","2,890"
E07000174,"104,466","12,708","12,100","79,658","5,900","6,493","55,109","43,295","35,895","16,922","6,476","1,878","91,758","7,361","1,797","3,550"
E07000175,"114,817","10,966","12,398","91,453","4,622","6,086","61,464","51,505","39,671","16,874","5,246","1,521","101,626","8,380","1,655","3,156"
E07000176,"111,129","7,540","9,939","93,650","2,655","4,298","63,175","57,689","36,222","12,779","3,468",971,"99,338","8,553","1,147","2,091"
,,,,,,,,,,,,,,,,
E12000005,"5,601,847","508,454","553,610","4,539,783","216,957","276,018","3,068,455","2,525,862","1,946,936","786,583","263,217","79,249","4,986,959","378,678","85,924","150,286"
,,,,,,,,,,,,,,,,
E06000019,"183,477","15,370","18,994","149,113","5,957","8,398","98,591","83,874","64,494","25,517","7,441","2,151","162,801","13,998","2,362","4,316"
E06000051,"306,129","25,568","31,258","249,303","9,592","13,698","166,390","142,309","106,909","41,475","11,979","3,457","271,869","22,835","4,046","7,379"
E06000021,"249,008","29,283","27,218","192,507","14,345","15,242","132,237","104,510","86,311","38,179","15,356","4,652","221,623","15,214","4,357","7,814"
E06000020,"166,641","15,060","15,935","135,646","7,199","8,739","92,413","76,439","57,198","22,609","8,023","2,372","148,697","10,313","2,653","4,978"
,,,,,,,,,,,,,,,,
E10000028,"848,489","75,462","87,185","685,842","30,121","41,725","469,723","384,565","298,517","117,417","37,141","10,849","749,657","63,791","12,628","22,413"
E07000192,"97,462","10,124","10,080","77,258","4,361","5,276","53,733","42,634","34,133","14,091","5,121","1,483","85,645","6,947","1,736","3,134"
E07000193,"113,583","8,982","11,125","93,476","3,722","5,468","63,500","52,094","40,576","15,302","4,377","1,234","102,116","7,492","1,443","2,532"
E07000194,"100,654","8,289","9,976","82,389","3,007","4,451","55,345","47,225","35,014","13,259","3,959","1,197","89,085","7,662","1,359","2,548"
E07000195,"123,871","12,427","13,397","98,047","5,204","6,644","68,457","55,311","42,716","17,802","6,312","1,730","109,140","9,235","1,972","3,524"
E07000196,"108,131","9,016","11,197","87,918","3,126","4,920","59,955","49,032","38,390","14,901","4,435","1,373","94,589","9,145","1,721","2,676"
E07000197,"130,869","10,481","13,353","107,035","4,000","6,206","73,146","60,366","46,574","17,316","5,118","1,495","115,829","10,208","1,709","3,123"
E07000198,"97,106","9,599","10,856","76,651","3,734","4,986","52,005","42,874","34,050","14,432","4,420","1,330","84,555","8,308","1,545","2,698"
E07000199,"76,813","6,544","7,201","63,068","2,967","3,774","43,582","35,029","27,064","10,314","3,399","1,007","68,698","4,794","1,143","2,178"
,,,,,,,,,,,,,,,,
E10000031,"545,474","41,946","51,227","452,301","16,213","23,530","308,061","258,530","189,851","70,472","20,701","5,920","486,234","39,871","6,917","12,452"
E07000218,"62,014","5,764","6,172","50,078","2,225","2,969","34,470","27,979","21,604","8,725","2,850",856,"54,495","4,797",924,"1,798"
E07000219,"125,252","11,877","12,502","100,873","5,121","6,363","68,838","55,086","44,255","18,133","6,019","1,759","111,020","8,557","1,995","3,680"
E07000220,"100,075","7,037","9,077","83,961","2,699","4,216","56,440","47,711","35,306","12,580","3,508",970,"89,684","7,118","1,211","2,062"
E07000221,"120,485","8,505","11,829","100,151","2,784","4,773","65,905","58,094","41,966","15,315","4,049","1,061","106,834","9,685","1,413","2,553"
E07000222,"137,648","8,763","11,647","117,238","3,384","5,209","82,408","69,660","46,720","15,719","4,275","1,274","124,201","9,714","1,374","2,359"
,,,,,,,,,,,,,,,,
E11000005,"2,736,460","259,920","266,146","2,210,394","115,896","139,512","1,487,433","1,212,508","946,206","394,508","139,964","43,274","2,443,594","170,134","45,516","77,216"
E08000025,"1,073,045","98,181","99,720","875,144","47,004","55,923","587,223","488,568","363,904","148,782","54,105","17,686","965,665","61,188","17,642","28,550"
E08000026,"316,960","27,578","28,669","260,713","12,434","15,042","180,380","145,948","109,815","42,006","14,765","4,426","284,859","19,456","4,707","7,938"
E08000027,"312,925","30,578","32,850","249,497","12,386","15,648","167,190","132,825","111,905","47,828","15,918","4,449","274,951","23,156","5,345","9,473"
E08000028,"308,063","33,248","31,155","243,660","14,821","16,538","163,629","129,182","107,081","48,087","18,171","5,542","274,533","17,785","5,808","9,937"
E08000029,"206,674","16,854","20,073","169,747","6,259","8,821","112,817","98,197","70,683","27,056","8,241","2,497","182,561","16,084","2,896","5,133"
E08000030,"269,323","28,065","27,837","213,421","11,911","14,145","141,252","113,525","94,650","41,653","14,968","4,527","238,691","17,015","4,840","8,777"
E08000031,"249,470","25,416","25,842","198,212","11,081","13,395","134,942","104,263","88,168","39,096","13,796","4,147","222,334","15,450","4,278","7,408"
,,,,,,,,,,,,,,,,
E10000034,"566,169","45,845","55,647","464,677","17,634","25,174","313,607","263,127","197,450","76,406","22,612","6,574","502,484","42,522","7,445","13,718"
E07000234,"93,637","7,585","8,863","77,189","2,500","3,690","51,782","45,932","31,306","11,885","3,484","1,030","82,436","7,723","1,304","2,174"
E07000235,"74,631","6,477","8,112","60,042","2,182","3,208","38,848","34,011","26,171","10,494","2,939","1,016","65,241","6,543","1,000","1,847"
E07000236,"84,214","6,723","7,643","69,848","3,150","4,113","48,509","39,391","29,354","10,913","3,522","1,034","75,325","5,559","1,176","2,154"
E07000237,"98,768","7,131","8,874","82,763","3,018","4,560","58,104","46,851","34,497","12,625","3,780","1,015","89,120","6,386","1,187","2,075"
E07000238,"116,944","8,936","11,649","96,359","3,122","4,837","64,065","54,212","41,641","15,608","4,339","1,144","103,510","9,225","1,418","2,791"
E07000239,"97,975","8,993","10,506","78,476","3,662","4,766","52,299","42,730","34,481","14,881","4,548","1,335","86,852","7,086","1,360","2,677"
,,,,,,,,,,,,,,,,
E12000006,"5,846,965","434,168","542,346","4,870,451","171,835","251,429","3,290,887","2,761,271","2,060,157","752,324","212,830","60,383","5,249,374","395,865","71,815","129,911"
,,,,,,,,,,,,,,,,
E06000055,"157,479","11,181","14,020","132,278","4,768","6,772","89,463","73,860","56,663","19,812","5,596","1,548","141,395","10,838","2,055","3,191"
E06000056,"254,381","15,465","21,142","217,774","6,097","10,069","148,547","125,019","90,360","29,202","7,672","2,128","228,546","18,247","2,702","4,886"
E06000032,"203,201","14,073","16,514","172,614","6,605","9,284","116,675","94,607","73,300","25,277","7,571","2,446","184,945","10,975","2,836","4,445"
E06000031,"183,631","14,053","16,538","153,040","6,526","8,856","104,235","81,275","68,493","24,362","7,425","2,076","165,941","10,732","2,616","4,342"
E06000033,"173,658","15,275","16,841","141,542","6,214","8,274","95,335","78,341","60,929","24,420","7,778","2,190","155,976","11,412","2,131","4,139"
E06000034,"157,705","11,401","13,149","133,155","5,199","6,920","91,267","76,012","54,788","19,389","5,888","1,628","143,099","8,613","2,172","3,821"
,,,,,,,,,,,,,,,,
E10000003,"621,210","40,621","54,406","526,183","16,268","25,709","366,263","306,910","215,746","73,386","19,715","5,453","561,034","41,313","6,785","12,078"
E07000008,"123,867","6,798","9,266","107,803","2,979","5,070","83,357","67,743","39,600","12,021","3,533",970,"114,090","7,146","1,042","1,589"
E07000009,"83,818","5,423","7,479","70,916","1,982","3,346","47,846","40,874","29,487","10,131","2,614",712,"75,529","5,725",927,"1,637"
E07000010,"95,262","9,476","10,554","75,232","3,892","4,798","50,473","37,577","36,042","15,760","4,590","1,293","84,668","6,154","1,496","2,944"
E07000011,"169,508","10,653","14,650","144,205","4,392","6,972","98,493","82,675","60,470","19,682","5,239","1,442","152,983","11,150","1,911","3,464"
E07000012,"148,755","8,271","12,457","128,027","3,023","5,523","86,094","78,041","50,147","15,792","3,739","1,036","133,764","11,138","1,409","2,444"
,,,,,,,,,,,,,,,,
E10000012,"1,393,587","107,981","130,886","1,154,720","41,881","59,961","776,446","656,820","486,952","182,561","52,080","15,174","1,247,376","96,679","17,592","31,940"
E07000066,"174,497","14,296","16,040","144,161","6,199","8,046","97,065","80,704","60,991","23,145","7,355","2,302","156,864","10,776","2,402","4,455"
E07000067,"147,084","10,695","13,415","122,974","4,298","6,510","82,877","69,884","52,492","18,291","5,046","1,371","132,254","10,001","1,700","3,129"
E07000068,"73,601","5,019","6,430","62,152","1,756","2,774","41,536","37,548","24,537","8,565","2,306",645,"65,805","5,539",819,"1,438"
E07000069,"88,011","7,995","8,753","71,263","2,841","3,731","47,569","38,280","31,786","12,963","3,873","1,109","78,114","6,100","1,288","2,509"
E07000070,"168,310","10,186","14,124","144,000","3,952","6,509","98,524","84,476","58,430","19,261","4,778","1,365","151,560","11,962","1,720","3,068"
E07000071,"173,074","12,141","15,202","145,731","5,213","7,442","101,464","84,520","60,279","20,925","5,692","1,658","156,504","11,121","2,036","3,413"
E07000072,"124,659","8,831","10,770","105,058","3,202","4,810","71,146","61,413","42,077","15,435","4,441","1,293","111,850","8,870","1,439","2,500"
E07000073,"81,944","6,416","7,592","67,936","2,764","3,980","46,012","36,969","29,380","11,203","3,398",994,"73,883","5,025","1,158","1,878"
E07000074,"61,629","4,702","6,036","50,891","1,752","2,716","33,962","28,471","21,961","8,269","2,260",668,"54,468","4,870",837,"1,454"
E07000075,"83,287","5,957","8,165","69,165","2,066","3,516","46,010","39,774","29,085","10,832","2,816",780,"73,866","6,508","1,033","1,880"
E07000076,"138,048","17,303","17,959","102,786","6,319","7,173","64,730","53,035","49,451","25,052","8,048","2,462","120,698","10,081","2,377","4,892"
E07000077,"79,443","4,440","6,400","68,603","1,519","2,754","45,551","41,746","26,483","8,620","2,067",527,"71,510","5,826",783,"1,324"
,,,,,,,,,,,,,,,,
E10000015,"1,116,062","69,086","90,762","956,214","26,552","42,304","649,767","568,026","378,624","125,609","34,316","9,487","1,007,447","75,691","12,256","20,668"
E07000095,"93,609","6,396","7,885","79,328","2,512","3,602","53,440","44,661","33,072","11,544","3,357",975,"84,538","5,847","1,124","2,100"
E07000096,"144,847","9,180","12,156","123,511","3,676","5,751","83,673","72,910","49,326","16,778","4,576","1,257","129,973","10,551","1,554","2,769"
E07000097,"137,687","7,360","10,685","119,642","2,726","4,922","81,238","72,332","46,399","14,325","3,678",953,"124,888","9,361","1,313","2,125"
E07000098,"100,031","6,755","8,114","85,162","2,623","3,662","57,228","51,558","32,887","11,433","3,208",945,"90,176","6,769","1,266","1,820"
E07000099,"127,114","8,017","11,165","107,932","2,750","4,990","72,937","63,801","43,360","14,965","3,958","1,030","114,309","9,076","1,386","2,343"
E07000100,"140,664","7,616","10,479","122,569","2,707","4,647","81,460","77,531","44,813","13,802","3,521",997,"127,290","9,794","1,378","2,202"
E07000101,"83,957","5,967","7,240","70,750","2,570","3,695","48,729","39,514","29,953","10,652","2,984",854,"75,407","5,365","1,053","2,132"
E07000102,"87,317","5,402","7,223","74,692","1,948","3,236","49,929","44,267","29,873","9,772","2,672",733,"78,462","6,404",934,"1,517"
E07000103,"90,301","5,469","6,831","78,001","2,359","3,578","54,605","45,200","31,453","9,911","2,931",806,"82,239","5,412","1,066","1,584"
E07000104,"110,535","6,924","8,984","94,627","2,681","4,221","66,528","56,252","37,488","12,427","3,431",937,"100,165","7,112","1,182","2,076"
,,,,,,,,,,,,,,,,
E10000020,"857,888","77,696","94,735","685,457","30,114","41,298","456,260","366,280","314,157","129,218","37,527","10,706","763,197","59,858","11,626","23,207"
E07000143,"130,491","11,537","14,108","104,846","4,301","6,058","69,010","55,097","48,663","19,565","5,623","1,543","116,566","8,537","1,811","3,577"
E07000144,"124,646","10,089","13,241","101,316","3,504","5,440","66,897","55,219","46,106","17,475","4,499","1,347","110,303","9,925","1,527","2,891"
E07000145,"97,277","10,578","11,274","75,425","4,490","5,200","49,687","39,204","35,032","16,130","5,330","1,581","86,372","5,984","1,572","3,349"
E07000146,"147,451","14,426","16,955","116,070","5,494","7,098","76,206","60,322","54,681","23,441","7,077","1,930","130,039","10,357","2,261","4,794"
E07000147,"101,499","10,456","13,153","77,890","3,636","4,954","49,043","39,504","38,336","17,412","4,839","1,408","89,097","7,959","1,450","2,993"
E07000148,"132,512","11,372","13,002","108,138","5,365","7,144","78,951","59,454","46,939","18,620","5,862","1,637","120,628","7,492","1,523","2,869"
E07000149,"124,012","9,238","13,002","101,772","3,324","5,404","66,466","57,480","44,400","16,575","4,297","1,260","110,192","9,604","1,482","2,734"
,,,,,,,,,,,,,,,,
E10000029,"728,163","57,336","73,353","597,474","21,611","31,982","396,629","334,121","260,145","99,088","27,262","7,547","650,418","51,507","9,044","17,194"
E07000200,"87,740","6,333","8,910","72,497","2,266","3,685","47,114","40,875","31,433","11,624","3,023",785,"78,024","6,819","1,020","1,877"
E07000201,"59,748","4,024","4,986","50,738","1,536","2,269","35,185","28,739","21,194","7,235","2,035",545,"54,796","3,110",634,"1,208"
E07000202,"133,384","10,718","12,824","109,842","4,795","6,636","76,135","60,771","47,800","18,053","5,233","1,527","120,322","8,193","1,730","3,139"
E07000203,"96,731","6,450","9,559","80,722","2,193","4,022","53,221","46,319","34,155","12,432","3,020",805,"86,263","7,418","1,055","1,995"
E07000204,"111,008","7,863","10,350","92,795","2,873","4,453","62,367","52,543","39,656","14,081","3,695","1,033","99,949","7,550","1,187","2,322"
E07000205,"124,298","9,790","13,173","101,335","3,270","5,225","65,101","57,526","44,087","17,122","4,427","1,136","109,461","10,276","1,642","2,919"
E07000206,"115,254","12,158","13,551","89,545","4,678","5,692","57,506","47,348","41,820","18,541","5,829","1,716","101,603","8,141","1,776","3,734"
,,,,,,,,,,,,,,,,
E12000007,"8,173,941","551,664","605,501","7,016,776","276,070","344,797","5,023,557","4,127,788","2,725,645","915,035","305,343","100,130","7,483,968","435,278","105,399","149,296"
,,,,,,,,,,,,,,,,
E13000001,"3,231,901","215,905","222,584","2,793,412","122,369","141,505","2,095,400","1,700,618","1,021,559","338,291","126,887","44,546","2,994,015","146,574","38,643","52,669"
E09000007,"220,338","15,531","16,300","188,507","8,810","9,784","142,302","117,692","67,334","22,963","9,174","3,175","203,032","11,551","2,437","3,318"
E09000001,"7,375",328,520,"6,527",141,253,"5,326","4,112","2,374",643,190,56,"6,799",455,51,70
E09000012,"246,270","18,064","17,620","210,586","10,943","12,073","154,734","128,442","75,699","26,837","11,183","4,109","228,322","10,734","3,094","4,120"
E09000013,"182,493","11,473","11,485","159,535","6,549","6,984","122,917","103,036","53,374","17,188","6,531","2,364","170,159","7,936","1,867","2,531"
E09000014,"254,926","17,255","18,408","219,263","9,810","11,696","158,981","126,485","85,567","28,444","10,650","3,780","236,039","11,812","2,904","4,171"
E09000019,"206,125","16,542","15,729","173,854","9,766","10,298","135,200","106,386","63,382","23,113","9,771","3,473","189,814","10,044","2,505","3,762"
E09000020,"158,649","9,332","10,237","139,080","5,113","5,815","104,224","91,764","45,189","14,464","5,357","1,875","147,671","7,472","1,552","1,954"
E09000022,"303,086","18,618","20,053","264,415","10,432","12,878","201,803","160,326","97,286","31,188","10,729","3,557","282,609","13,035","3,172","4,270"
E09000023,"275,885","19,523","20,212","236,150","10,388","12,264","169,962","135,428","93,850","32,289","10,755","3,563","253,364","13,931","3,502","5,088"
E09000025,"307,984","21,563","21,148","265,273","12,254","14,427","190,816","149,269","106,549","34,839","12,763","4,564","283,380","13,094","5,191","6,319"
E09000028,"288,283","18,978","20,002","249,303","10,891","12,976","188,705","154,204","90,004","29,935","10,544","3,596","267,558","12,531","3,446","4,748"
E09000030,"254,096","17,258","17,045","219,793","10,293","11,911","166,179","128,468","83,209","27,062","11,228","4,129","234,740","10,931","3,510","4,915"
E09000032,"306,995","16,114","18,272","272,609","8,117","10,664","210,297","176,198","91,935","27,299","8,749","2,814","287,010","13,132","2,876","3,977"
E09000033,"219,396","15,326","15,553","188,517","8,862","9,482","143,954","118,808","65,807","22,027","9,263","3,491","203,518","9,916","2,536","3,426"
,,,,,,,,,,,,,,,,
E13000002,"4,942,040","335,759","382,917","4,223,364","153,701","203,292","2,928,157","2,427,170","1,704,086","576,744","178,456","55,584","4,489,953","288,704","66,756","96,627"
E09000002,"185,911","15,584","14,876","155,451","7,823","8,730","101,739","87,819","62,720","24,042","8,686","2,644","169,710","8,637","2,941","4,623"
E09000003,"356,386","23,475","26,428","306,483","10,243","13,411","211,066","183,453","117,508","39,172","12,197","4,056","324,066","21,487","4,586","6,247"
E09000004,"231,997","17,057","19,996","194,944","6,832","9,139","131,248","111,323","80,446","29,015","8,688","2,525","208,475","14,752","3,051","5,719"
E09000005,"311,215","21,669","23,213","266,333","11,112","13,855","190,815","149,695","108,169","36,731","12,339","4,281","284,605","15,813","4,938","5,859"
E09000006,"309,392","20,472","25,851","263,069","7,982","11,787","177,000","154,998","105,574","36,098","9,904","2,818","278,380","21,274","3,439","6,299"
E09000008,"363,378","24,380","28,733","310,265","11,840","15,629","212,424","174,584","128,634","43,473","12,734","3,953","329,695","22,063","4,750","6,870"
E09000009,"338,449","22,885","24,894","290,670","11,184","14,520","207,641","166,385","116,712","38,421","12,817","4,114","309,676","17,668","5,033","6,072"
E09000010,"312,466","22,682","25,297","264,487","11,119","14,074","178,439","146,351","109,394","39,699","12,840","4,182","284,842","17,299","4,131","6,194"
E09000011,"254,557","19,017","19,417","216,123","10,011","11,377","151,659","127,641","83,875","29,386","10,420","3,235","232,543","13,085","3,519","5,410"
E09000015,"239,056","16,167","18,687","204,202","6,788","9,424","141,119","113,731","86,069","28,329","8,289","2,638","214,436","15,889","3,947","4,784"
E09000016,"237,232","19,466","21,478","196,288","7,409","9,735","133,423","109,131","84,378","31,492","9,464","2,767","212,018","16,094","3,285","5,835"
E09000017,"273,936","17,981","21,198","234,757","8,043","11,071","162,751","133,627","96,647","31,492","9,404","2,766","248,031","16,563","3,816","5,526"
E09000018,"253,957","16,403","18,600","218,954","8,193","10,514","156,858","124,442","89,064","28,552","9,085","2,814","231,647","13,897","3,623","4,790"
E09000021,"160,060","8,605","11,297","140,158","3,508","5,679","100,245","84,332","53,598","16,425","4,438","1,267","146,772","9,331","1,611","2,346"
E09000024,"199,693","11,239","13,993","174,461","4,997","7,290","125,431","103,891","67,098","21,025","5,930","1,749","183,366","10,531","2,408","3,388"
E09000026,"278,970","19,534","21,838","237,598","8,740","11,911","162,076","134,230","97,595","33,470","10,479","3,196","251,679","17,182","4,405","5,704"
E09000027,"186,990","9,137","12,310","165,543","3,663","5,776","115,317","107,217","57,088","16,662","4,617","1,406","171,188","11,816","1,605","2,381"
E09000029,"190,146","12,122","15,067","162,957","5,100","7,537","112,288","92,668","67,563","22,127","6,072","1,716","171,848","12,436","2,242","3,620"
E09000031,"258,249","17,884","19,744","220,621","9,114","11,833","156,618","121,652","91,954","31,133","10,053","3,457","236,976","12,887","3,426","4,960"
,,,,,,,,,,,,,,,,
E12000008,"8,634,750","593,643","762,561","7,278,546","235,133","351,447","4,924,066","4,232,707","2,989,920","1,037,592","291,456","83,075","7,787,397","577,114","96,883","173,356"
,,,,,,,,,,,,,,,,
E06000036,"113,205","5,901","7,996","99,308","2,420","4,056","69,120","59,320","38,814","11,394","2,859",818,"103,531","6,719","1,098","1,857"
E06000043,"273,369","20,445","24,124","228,800","10,216","13,440","169,676","134,673","91,970","32,298","11,151","3,277","249,402","16,401","2,850","4,716"
E06000046,"138,265","14,274","16,972","107,019","5,711","7,327","69,597","56,420","50,514","22,378","6,921","2,032","121,845","10,208","2,108","4,104"
E06000035,"263,925","19,733","23,621","220,571","9,236","12,399","151,871","120,662","95,679","34,307","10,388","2,889","238,892","15,001","3,348","6,684"
E06000042,"248,821","15,802","18,736","214,283","7,593","10,564","147,761","124,826","86,778","26,929","7,955","2,333","227,024","14,018","2,991","4,788"
E06000044,"205,056","15,068","17,791","172,197","6,759","9,447","123,638","97,795","71,443","25,464","7,995","2,359","187,920","10,794","2,239","4,103"
E06000038,"155,698","8,815","11,295","135,588","3,965","6,080","97,705","78,169","54,913","16,770","4,590","1,256","143,383","8,074","1,642","2,599"
E06000039,"140,205","8,611","10,173","121,421","4,279","6,102","83,440","67,156","50,464","16,288","4,906","1,391","128,579","7,058","1,977","2,591"
E06000045,"236,882","18,165","20,234","198,483","8,705","11,080","144,973","112,653","82,880","29,278","9,223","2,848","216,519","12,681","2,880","4,802"
E06000037,"153,822","8,262","12,016","133,544","3,163","5,605","90,337","79,432","53,069","16,456","3,818","1,047","139,534","10,313","1,466","2,509"
E06000040,"144,560","7,952","10,412","126,196","2,551","4,375","84,897","78,802","46,571","14,234","3,872","1,081","131,325","9,604","1,432","2,199"
E06000041,"154,380","7,262","11,118","136,000","2,496","5,008","91,717","83,759","51,808","14,566","3,310",937,"140,478","10,190","1,397","2,315"
,,,,,,,,,,,,,,,,
E10000002,"505,283","28,279","39,649","437,355","10,181","17,578","291,324","262,901","170,886","53,987","13,607","3,902","455,769","35,820","5,268","8,426"
E07000004,"174,137","9,921","13,733","150,483","3,899","6,584","102,048","89,515","59,530","19,073","4,661","1,358","157,571","11,840","1,787","2,939"
E07000005,"92,635","5,054","7,394","80,187","1,681","2,814","51,216","49,848","30,368","9,433","2,334",652,"82,971","7,324",859,"1,481"
E07000006,"66,867","3,965","5,335","57,567","1,202","2,095","37,953","35,055","22,267","7,025","1,959",561,"59,974","4,982",737,"1,174"
E07000007,"171,644","9,339","13,187","149,118","3,399","6,085","100,107","88,483","58,721","18,456","4,653","1,331","155,253","11,674","1,885","2,832"
,,,,,,,,,,,,,,,,
E10000011,"526,671","48,243","58,902","419,526","18,691","24,941","272,120","230,697","187,695","77,795","23,598","6,886","467,262","39,537","6,745","13,127"
E07000061,"99,412","9,622","11,209","78,581","3,707","4,767","51,914","42,818","35,193","15,251","4,712","1,438","88,894","6,678","1,261","2,579"
E07000062,"90,254","9,581","10,375","70,298","4,832","5,586","47,669","36,556","32,707","14,276","5,159","1,556","80,812","5,708","1,321","2,413"
E07000063,"97,502","8,471","10,583","78,448","3,164","4,424","50,792","43,719","34,634","13,900","4,066","1,183","86,001","8,000","1,197","2,304"
E07000064,"90,588","9,651","11,591","69,346","3,255","4,304","43,037","36,737","33,152","14,960","4,463","1,276","79,327","7,279","1,250","2,732"
E07000065,"148,915","10,918","15,144","122,853","3,733","5,860","78,708","70,867","52,009","19,408","5,198","1,433","132,228","11,872","1,716","3,099"
,,,,,,,,,,,,,,,,
E10000014,"1,317,788","87,889","119,436","1,110,463","32,902","52,706","742,403","646,983","460,937","156,806","41,411","11,651","1,184,850","92,224","14,286","26,428"
E07000084,"167,799","9,326","13,402","145,071","3,967","6,601","99,228","85,034","58,917","18,047","4,559","1,242","152,566","10,548","1,697","2,988"
E07000085,"115,608","7,402","9,841","98,365","2,611","4,190","64,915","58,330","40,113","12,885","3,336",944,"103,977","8,497","1,106","2,028"
E07000086,"125,199","8,279","10,837","106,083","3,236","5,109","72,306","61,561","44,190","14,538","3,817","1,093","112,478","8,895","1,417","2,409"
E07000087,"111,581","7,548","10,839","93,194","2,473","4,502","62,402","54,170","39,284","13,638","3,489","1,000","99,702","8,382","1,198","2,299"
E07000088,"82,622","6,405","8,095","68,122","2,710","3,942","45,644","37,447","29,915","11,224","3,215",821,"74,446","5,239",988,"1,949"
E07000089,"91,033","4,123","6,822","80,088","1,451","2,926","53,286","50,079","30,120","8,432","1,891",511,"83,037","5,931",779,"1,286"
E07000090,"120,684","10,647","12,696","97,341","4,339","5,425","63,618","53,474","43,275","17,188","5,172","1,575","107,566","8,185","1,620","3,313"
E07000091,"176,462","14,591","19,391","142,480","4,753","7,273","91,346","79,671","63,302","24,871","6,715","1,903","155,715","14,238","2,195","4,314"
E07000092,"93,807","5,250","7,185","81,372","2,302","3,853","57,255","46,970","33,340","10,099","2,625",773,"86,057","5,145",989,"1,616"
E07000093,"116,398","7,456","10,263","98,679","2,742","4,580","65,695","58,222","40,262","13,530","3,457",927,"104,283","8,551","1,272","2,292"
E07000094,"116,595","6,862","10,065","99,668","2,318","4,305","66,708","62,025","38,219","12,354","3,135",862,"105,023","8,613","1,025","1,934"
,,,,,,,,,,,,,,,,
E10000016,"1,463,740","116,407","140,631","1,206,702","47,613","65,065","805,202","683,205","510,399","194,931","58,536","16,669","1,311,963","97,464","18,432","35,881"
E07000105,"117,956","8,416","10,669","98,871","3,489","5,107","64,847","56,128","41,385","15,027","4,163","1,253","106,137","7,686","1,428","2,705"
E07000106,"151,145","12,427","14,891","123,827","4,762","6,612","86,152","70,764","52,338","20,211","6,133","1,699","135,562","10,089","1,815","3,679"
E07000107,"97,365","6,621","8,114","82,630","2,718","3,955","56,717","47,273","33,941","11,837","3,314","1,000","88,146","5,927","1,126","2,166"
E07000108,"111,674","10,853","12,404","88,417","4,473","5,815","58,577","48,433","39,477","16,745","5,538","1,481","99,020","7,892","1,579","3,183"
E07000109,"101,720","7,796","9,546","84,378","3,418","4,521","56,735","47,298","35,572","13,629","4,104","1,117","91,410","6,371","1,383","2,556"
E07000110,"155,143","10,660","13,845","130,638","4,182","6,457","88,323","74,636","54,384","19,291","5,323","1,509","139,582","10,472","1,728","3,361"
E07000111,"114,893","7,219","9,872","97,802","2,564","4,182","64,068","58,796","38,344","13,180","3,569","1,004","102,948","8,501","1,190","2,254"
E07000112,"107,969","10,753","11,965","85,251","4,517","5,458","56,370","45,577","38,999","16,465","5,321","1,607","95,663","7,465","1,663","3,178"
E07000113,"135,835","11,742","13,580","110,513","5,357","6,728","73,831","60,198","48,719","19,118","6,008","1,792","121,577","8,351","1,897","4,010"
E07000114,"134,186","15,369","15,979","102,838","6,459","7,325","66,359","54,640","47,109","22,377","7,785","2,275","118,684","8,925","2,190","4,387"
E07000115,"120,805","7,579","10,367","102,859","2,948","4,607","67,839","60,306","41,475","14,263","3,728","1,033","108,724","8,258","1,321","2,502"
E07000116,"115,049","6,972","9,399","98,678","2,726","4,298","65,384","59,156","38,656","12,788","3,550",899,"104,510","7,527","1,112","1,900"
,,,,,,,,,,,,,,,,
E10000025,"653,798","37,627","52,129","564,042","13,940","24,310","389,566","342,600","218,698","69,321","18,072","5,107","592,667","43,767","6,403","10,961"
E07000177,"141,868","8,698","11,374","121,796","3,405","5,561","82,757","71,403","49,163","15,844","4,261","1,197","128,514","9,216","1,452","2,686"
E07000178,"151,906","8,139","10,712","133,055","3,724","6,017","100,344","83,904","48,201","14,320","4,189","1,292","140,181","8,159","1,468","2,098"
E07000179,"134,257","7,541","10,959","115,757","2,463","4,685","76,704","70,571","44,779","14,409","3,517",981,"121,001","9,817","1,250","2,189"
E07000180,"120,988","7,041","10,143","103,804","2,378","4,248","69,480","62,738","41,117","13,063","3,163",907,"108,550","9,035","1,183","2,220"
E07000181,"104,779","6,208","8,941","89,630","1,970","3,799","60,281","53,984","35,438","11,685","2,942",730,"94,421","7,540","1,050","1,768"
,,,,,,,,,,,,,,,,
E10000030,"1,132,390","64,752","88,602","979,036","22,778","38,528","658,127","593,689","380,019","119,554","30,599","8,529","1,023,957","78,920","11,039","18,474"
E07000207,"130,875","6,697","9,134","115,044","2,187","3,787","75,513","73,880","40,555","12,360","3,213",867,"119,244","8,653","1,100","1,878"
E07000208,"75,102","4,198","5,868","65,036","1,566","2,538","43,692","39,208","25,355","7,988","2,016",535,"67,774","5,294",818,"1,216"
E07000209,"137,183","7,096","10,220","119,867","2,629","4,673","83,894","73,969","45,445","13,442","3,402",925,"124,607","9,250","1,215","2,111"
E07000210,"85,375","5,213","7,329","72,833","1,709","2,902","47,295","43,926","28,801","9,607","2,437",604,"76,464","6,731",770,"1,410"
E07000211,"137,835","8,418","10,848","118,569","3,050","5,003","79,939","71,052","46,908","14,866","3,844","1,165","124,730","9,401","1,423","2,281"
E07000212,"80,510","4,737","6,418","69,355","1,603","2,812","48,770","41,319","27,451","8,767","2,371",602,"73,108","5,208",811,"1,383"
E07000213,"95,598","6,139","8,125","81,334","2,217","3,593","55,599","45,929","34,239","11,509","3,085",836,"85,754","6,701","1,150","1,993"
E07000214,"86,144","4,444","6,396","75,304","1,530","2,815","50,552","46,062","28,683","8,613","2,148",638,"78,250","5,748",823,"1,323"
E07000215,"82,998","5,340","6,972","70,686","1,939","2,965","46,663","41,916","28,514","9,450","2,403",715,"74,463","6,241",852,"1,442"
E07000216,"121,572","6,984","9,893","104,695","2,236","3,944","67,476","65,068","39,777","12,768","3,078",881,"109,567","9,031","1,104","1,870"
E07000217,"99,198","5,486","7,399","86,313","2,112","3,496","58,734","51,360","34,291","10,184","2,602",761,"89,996","6,662",973,"1,567"
,,,,,,,,,,,,,,,,
E10000032,"806,892","60,156","78,724","668,012","21,934","32,836","440,592","378,965","286,383","104,836","28,645","8,063","722,497","58,321","9,282","16,792"
E07000223,"61,182","5,592","6,710","48,880","2,138","2,876","32,131","26,107","22,373","9,181","2,757",764,"54,233","4,472",835,"1,642"
E07000224,"149,518","13,984","17,505","118,029","4,684","6,734","75,418","62,774","54,975","23,299","6,608","1,862","132,964","10,771","1,976","3,807"
E07000225,"113,794","8,328","11,555","93,911","2,622","4,271","60,374","54,210","39,771","14,900","3,822","1,091","101,307","8,924","1,195","2,368"
E07000226,"106,597","7,001","8,701","90,895","3,266","4,598","63,217","50,751","38,279","12,856","3,679","1,032","96,695","6,378","1,418","2,106"
E07000227,"131,301","7,857","11,550","111,894","2,724","4,760","73,704","66,403","45,684","14,580","3,560","1,074","117,659","10,133","1,233","2,276"
E07000228,"139,860","8,084","11,737","120,039","2,905","4,914","79,629","72,448","47,524","14,938","3,864","1,086","125,878","10,375","1,306","2,301"
E07000229,"104,640","9,310","10,966","84,364","3,595","4,683","56,119","46,272","37,777","15,082","4,355","1,154","93,761","7,268","1,319","2,292"
,,,,,,,,,,,,,,,,
E12000009,"5,288,935","436,733","536,963","4,315,239","173,355","243,108","2,907,350","2,478,081","1,828,026","710,356","212,080","60,392","4,718,637","376,909","68,164","125,225"
,,,,,,,,,,,,,,,,
E06000022,"176,016","12,267","16,028","147,721","4,505","7,200","102,917","88,882","58,849","20,856","5,831","1,598","158,431","12,396","1,989","3,200"
E06000028,"183,491","15,858","18,289","149,344","6,829","8,872","107,212","84,955","63,260","24,866","8,009","2,401","166,166","11,280","2,260","3,785"
E06000023,"428,234","34,570","37,154","356,510","15,908","20,499","257,374","209,024","143,283","52,446","18,056","5,425","388,096","25,709","5,253","9,176"
E06000052,"532,273","53,166","60,549","418,558","22,002","27,627","277,462","240,759","178,805","79,181","25,907","7,621","469,081","39,052","8,284","15,856"
E06000053,"2,203",108,200,"1,895",27,68,"1,256","1,135",754,248,53,13,"1,983",165,20,35
E06000024,"202,566","17,335","21,405","163,826","6,670","9,380","107,231","93,803","70,435","27,670","8,276","2,382","180,253","15,172","2,577","4,564"
E06000026,"256,384","25,548","26,644","204,192","12,116","14,197","143,474","117,976","85,956","35,756","13,012","3,684","229,137","15,624","4,057","7,566"
E06000029,"147,645","12,040","15,168","120,437","4,543","6,526","80,759","68,689","51,486","19,849","5,841","1,780","131,433","10,761","1,846","3,605"
E06000025,"262,767","17,842","23,072","221,853","6,667","10,748","151,013","129,141","91,675","30,940","8,556","2,455","235,128","19,279","2,976","5,384"
E06000030,"209,156","14,638","17,664","176,854","6,546","9,226","123,148","100,931","73,591","25,056","7,556","2,022","189,676","12,431","2,680","4,369"
E06000027,"130,959","15,500","15,951","99,508","6,448","7,183","64,805","54,614","45,098","21,355","7,625","2,267","114,852","9,137","2,286","4,684"
E06000054,"470,981","31,408","43,836","395,737","12,012","19,611","262,902","234,318","160,362","57,221","14,974","4,106","423,373","33,064","5,066","9,478"
,,,,,,,,,,,,,,,,
E10000008,"746,399","63,834","81,345","601,220","23,609","34,116","397,074","344,059","259,032","104,498","30,137","8,673","661,515","56,528","9,868","18,488"
E07000040,"132,457","11,814","16,025","104,618","3,527","5,625","65,504","58,004","47,716","19,960","5,285","1,492","116,613","10,746","1,762","3,336"
E07000041,"117,773","9,006","10,683","98,084","3,936","5,332","71,529","58,775","39,301","14,075","4,331","1,291","106,782","7,246","1,298","2,447"
E07000042,"77,750","5,792","7,708","64,250","2,232","3,270","41,833","36,263","27,554","10,398","2,785",750,"69,298","5,798",927,"1,727"
E07000043,"93,667","8,180","10,219","75,268","3,023","4,382","49,165","43,441","31,704","13,264","4,064","1,194","83,324","6,634","1,260","2,449"
E07000044,"83,140","6,813","9,160","67,167","2,633","3,808","43,673","39,414","28,574","11,075","3,156",921,"72,911","7,102","1,156","1,971"
E07000045,"124,220","11,534","14,081","98,605","4,103","5,913","64,706","55,819","43,342","18,237","5,268","1,554","109,201","9,873","1,767","3,379"
E07000046,"63,839","6,116","7,324","50,399","2,439","3,155","32,749","27,787","22,242","9,843","3,128",839,"56,230","4,839",989,"1,781"
E07000047,"53,553","4,579","6,145","42,829","1,716","2,631","27,915","24,556","18,599","7,646","2,120",632,"47,156","4,290",709,"1,398"
,,,,,,,,,,,,,,,,
E10000009,"412,905","35,339","47,528","330,038","12,124","18,428","210,899","184,353","148,166","59,671","16,248","4,467","363,583","33,362","5,456","10,504"
E07000048,"47,752","4,629","6,071","37,052","1,387","2,114","22,601","20,203","17,116","7,681","2,208",544,"41,764","3,933",686,"1,369"
E07000049,"87,166","7,152","10,023","69,991","2,017","3,416","43,805","39,505","31,183","12,436","3,162",880,"76,271","7,447","1,148","2,300"
E07000050,"68,583","4,896","7,123","56,564","1,762","2,906","36,763","32,782","24,146","8,808","2,266",581,"61,309","5,006",766,"1,502"
E07000051,"44,973","3,702","5,057","36,214","1,300","2,034","23,397","20,231","16,148","6,340","1,782",472,"39,281","3,924",653,"1,115"
E07000052,"99,264","8,645","11,468","79,151","2,878","4,240","50,140","44,070","35,640","14,604","3,878","1,072","87,308","8,313","1,237","2,406"
E07000053,"65,167","6,315","7,786","51,066","2,780","3,718","34,193","27,562","23,933","9,802","2,952",918,"57,650","4,739",966,"1,812"
,,,,,,,,,,,,,,,,
E10000013,"596,984","43,292","56,454","497,238","16,448","25,389","337,041","283,942","210,173","76,317","20,772","5,780","534,340","43,596","6,830","12,218"
E07000078,"115,732","7,582","9,924","98,226","3,006","4,535","69,138","57,758","39,722","13,631","3,637",984,"105,199","7,505","1,111","1,917"
E07000079,"82,881","5,417","7,952","69,512","1,770","3,113","45,766","40,433","29,067","10,220","2,498",663,"74,131","6,408",822,"1,520"
E07000080,"81,961","7,265","8,798","65,898","2,763","3,932","44,266","36,281","29,340","11,879","3,535",926,"72,293","6,296","1,197","2,175"
E07000081,"121,688","9,285","11,148","101,255","4,060","5,703","69,703","56,655","43,150","15,933","4,616","1,334","109,564","7,924","1,468","2,732"
E07000082,"112,779","8,073","10,779","93,927","2,926","4,789","62,559","53,779","39,711","14,441","3,783","1,065","99,932","9,349","1,293","2,205"
E07000083,"81,943","5,670","7,853","68,420","1,923","3,317","45,609","39,036","29,183","10,213","2,703",808,"73,221","6,114",939,"1,669"
,,,,,,,,,,,,,,,,
E10000027,"529,972","43,988","55,676","430,308","16,901","24,038","282,783","241,500","187,101","74,426","21,227","5,718","471,590","39,353","6,716","12,313"
E07000187,"109,279","8,407","11,067","89,805","3,235","4,990","59,379","51,153","38,270","14,619","4,137","1,100","97,441","8,113","1,284","2,441"
E07000188,"114,588","10,077","12,436","92,075","4,112","5,585","60,760","51,044","40,291","16,930","4,994","1,329","101,589","8,361","1,589","3,049"
E07000189,"161,243","12,699","16,600","131,944","4,714","6,916","86,170","73,277","57,906","22,282","6,115","1,663","143,762","11,943","1,988","3,550"
E07000190,"110,187","9,115","11,012","90,060","3,512","4,833","59,752","51,946","38,014","14,854","4,225","1,148","98,516","8,026","1,351","2,294"
E07000191,"34,675","3,690","4,561","26,424","1,328","1,714","16,722","14,080","12,620","5,741","1,756",478,"30,282","2,910",504,979
,,,,,,,,,,,,,,,,
W92000004,"3,063,456","364,318","331,537","2,367,601","162,156","167,224","1,615,236","1,428,697","953,363","447,789","178,222","55,385","2,693,226","212,436","54,046","103,748"
,,,,,,,,,,,,,,,,
W06000001,"69,751","7,970","8,142","53,639","3,086","3,669","35,489","33,492","21,309","10,541","3,413",996,"61,709","4,677","1,180","2,185"
W06000002,"121,874","11,824","13,184","96,866","4,625","5,882","65,276","61,396","37,383","16,593","4,998","1,504","109,431","7,266","1,680","3,497"
W06000003,"115,228","13,896","14,019","87,313","5,209","5,982","56,749","52,335","36,977","17,874","6,237","1,805","101,623","7,813","1,814","3,978"
W06000004,"93,734","11,350","10,645","71,739","4,885","5,022","47,184","43,690","29,420","13,770","5,341","1,513","82,103","6,470","1,765","3,396"
W06000005,"152,506","14,474","15,189","122,843","6,128","7,479","83,419","74,216","49,498","20,114","6,774","1,904","134,863","10,680","2,487","4,476"
W06000006,"134,844","14,139","13,766","106,939","6,150","7,003","73,022","63,642","43,813","19,009","6,531","1,849","119,696","8,853","2,247","4,048"
W06000023,"132,976","13,515","14,922","104,539","5,134","6,482","68,221","59,511","45,459","19,857","6,375","1,774","116,822","10,250","2,084","3,820"
W06000008,"75,922","7,589","8,436","59,897","3,223","3,981","41,783","35,796","24,369","10,946","3,660","1,151","67,319","5,234","1,144","2,225"
W06000009,"122,439","13,587","13,970","94,882","5,534","6,415","61,720","55,535","39,889","18,684","6,383","1,948","107,244","9,006","2,128","4,061"
W06000010,"183,777","24,912","21,763","137,102","10,474","10,665","91,448","82,638","55,618","30,011","11,475","4,035","159,788","13,390","3,485","7,114"
W06000011,"239,023","30,007","25,711","183,305","13,684","13,304","127,827","116,295","69,978","33,402","14,473","4,875","208,674","17,346","4,495","8,508"
W06000012,"139,812","22,492","16,620","100,700","10,672","8,904","69,548","62,849","39,694","22,640","11,028","3,601","119,447","10,380","3,273","6,712"
W06000013,"139,178","18,756","15,603","104,819","8,897","8,114","72,025","64,134","41,659","21,002","9,459","2,924","121,259","9,653","2,763","5,503"
W06000014,"126,336","12,538","13,091","100,707","5,354","6,417","67,678","60,656","40,486","17,123","6,191","1,880","110,761","9,939","2,050","3,586"
W06000015,"346,090","31,838","30,493","283,759","15,192","17,156","205,215","174,329","107,477","42,014","16,745","5,525","311,085","21,671","4,729","8,605"
W06000016,"234,410","33,912","26,677","173,821","16,084","14,557","119,402","105,154","69,544","37,208","17,396","5,108","204,770","15,671","4,580","9,389"
W06000024,"58,802","9,271","6,525","43,006","4,715","3,585","29,746","25,948","16,961","9,324","4,908","1,661","51,375","3,779","1,285","2,363"
W06000018,"178,806","25,009","20,356","133,441","12,023","11,249","90,988","79,382","54,272","28,488","12,844","3,820","156,085","12,254","3,507","6,960"
W06000019,"69,814","10,987","8,022","50,805","5,284","4,419","35,141","29,269","21,385","11,696","5,692","1,772","61,062","4,333","1,611","2,808"
W06000020,"91,075","11,917","10,030","69,128","5,350","5,205","46,908","39,398","29,619","14,155","5,965","1,938","79,146","6,714","1,757","3,458"
W06000021,"91,323","8,820","9,572","72,931","3,402","4,283","48,352","42,365","30,742","12,800","4,173","1,243","79,832","7,509","1,433","2,549"
W06000022,"145,736","15,515","14,801","115,420","7,051","7,451","78,095","66,667","47,811","20,538","8,161","2,559","129,132","9,548","2,549","4,507"
,,,,,,,,,,,,,,,,
S92000003 ,"5,295,403","505,863","534,508","4,255,032","244,427","278,496","2,965,815","2,778,481","1,575,000","644,881","226,154","70,887","4,803,172","273,333","86,816","132,082"
,,,,,,,,,,,,,,,,
S12000033,"222,793","15,663","19,956","187,174","7,338","10,620","140,669","120,881","69,997","23,263","6,696","1,956","207,222","9,342","2,574","3,655"
S12000034,"252,973","16,038","23,294","213,641","6,967","11,460","146,494","140,240","79,658","25,014","6,270","1,791","233,575","11,993","3,023","4,382"
S12000041,"115,978","9,788","12,191","93,999","4,261","5,642","62,756","60,413","37,120","13,302","3,949","1,194","105,396","6,073","1,729","2,780"
S12000035,"88,166","7,842","9,954","70,370","3,231","4,556","46,608","45,463","27,123","11,225","3,373",982,"79,345","5,267","1,448","2,106"
S12000005,"51,442","5,118","5,284","41,040","2,646","2,928","28,323","26,060","15,929","6,542","2,272",639,"46,749","2,452",855,"1,386"
S12000006,"151,324","15,420","17,514","118,390","6,730","7,860","78,520","74,278","47,579","20,958","6,523","1,986","136,369","7,936","2,683","4,336"
S12000042,"147,268","15,390","15,321","116,557","7,629","8,151","83,187","75,918","44,382","18,027","6,731","2,210","134,196","6,833","2,330","3,909"
S12000008,"122,767","13,855","13,268","95,644","6,701","7,035","66,125","61,156","36,681","16,678","6,260","1,992","110,147","6,414","2,469","3,737"
S12000045,"105,026","8,219","10,026","86,781","3,470","4,461","57,953","59,459","29,699","11,371","3,452","1,045","93,652","7,223","1,650","2,501"
S12000010,"99,717","8,399","10,069","81,249","3,678","5,116","54,532","54,423","29,285","11,333","3,533","1,143","90,242","5,698","1,521","2,256"
S12000011,"90,574","6,983","8,200","75,391","3,030","3,807","49,556","53,229","24,282","9,232","2,943",888,"81,283","5,956","1,348","1,987"
S12000036,"476,626","34,242","42,585","399,799","16,540","22,934","296,463","274,520","135,937","46,505","14,946","4,718","438,767","24,137","5,718","8,004"
S12000013,"27,684","2,704","2,979","22,001","1,016","1,359","14,662","14,898","7,722","3,756",982,326,"25,024","1,549",439,672
S12000014,"155,990","15,020","16,215","124,755","7,313","8,600","86,404","78,960","48,591","19,825","6,724","1,890","140,934","8,169","2,796","4,091"
S12000015,"365,198","34,829","39,417","290,952","16,314","20,562","199,854","185,567","113,324","46,877","15,165","4,265","330,370","19,578","6,068","9,182"
S12000046 ,"593,245","75,864","58,998","458,383","41,538","35,045","338,870","292,199","167,432","81,972","38,220","13,422","539,331","25,432","11,372","17,110"
S12000017,"232,132","18,767","24,320","189,045","8,485","11,912","127,297","125,630","69,406","26,942","7,805","2,349","211,139","12,282","3,408","5,303"
S12000018,"81,485","10,158","9,183","62,144","5,294","4,937","42,746","41,063","23,187","11,186","4,555","1,494","73,233","4,120","1,570","2,562"
S12000019,"83,187","7,528","8,637","67,022","3,585","4,533","45,563","44,006","24,959","9,978","3,270",974,"74,949","4,689","1,376","2,173"
S12000020,"93,295","7,045","9,478","76,772","3,019","4,534","51,476","50,063","29,222","10,384","2,752",874,"85,486","4,467","1,251","2,091"
S12000021,"138,146","15,670","15,518","106,958","7,629","8,010","72,126","67,602","41,939","19,234","7,167","2,204","124,246","7,095","2,521","4,284"
S12000044,"337,727","39,065","33,126","265,536","19,889","18,523","184,050","171,224","96,104","45,852","18,576","5,971","303,334","16,766","7,069","10,558"
S12000023,"21,349","1,678","2,351","17,320",704,"1,031","11,769","11,555","6,904","2,176",511,203,"19,371","1,230",280,468
S12000024,"146,652","11,382","15,117","120,153","4,744","6,991","80,179","80,111","45,072","15,499","4,468","1,502","133,344","8,122","2,004","3,182"
S12000038,"174,908","18,729","17,940","138,239","9,451","9,551","95,724","90,014","51,118","22,802","8,317","2,657","157,149","9,897","3,242","4,620"
S12000026,"113,870","9,075","12,016","92,779","3,881","5,456","61,373","60,489","35,271","13,325","3,745","1,040","103,524","6,331","1,619","2,396"
S12000027,"23,167","1,628","2,383","19,156",704,"1,224","12,991","12,653","7,187","2,536",613,178,"21,133","1,352",248,434
S12000028,"112,799","11,870","12,671","88,258","5,271","5,910","58,978","57,312","34,008","14,961","4,962","1,556","101,090","6,424","2,041","3,244"
S12000029,"313,830","33,624","31,568","248,638","16,187","16,770","172,446","161,017","91,365","41,034","15,623","4,791","281,034","17,981","5,785","9,030"
S12000030,"90,247","7,341","8,482","74,424","3,277","4,130","51,292","50,341","26,124","9,709","3,131",942,"81,982","4,909","1,365","1,991"
S12000039,"90,720","11,172","9,756","69,792","5,871","5,336","48,597","43,710","26,887","12,957","5,517","1,649","81,083","4,765","1,849","3,023"
S12000040,"175,118","15,757","16,691","142,670","8,034","9,512","98,232","94,027","51,506","20,426","7,103","2,056","158,473","8,851","3,165","4,629"
,,,,,,,,,,,,,,,,
N92000002 ,"1,810,863","215,232","159,414","1,436,217","111,551","85,837","970,432","864,187","575,616","268,932","80,542","21,586","1,596,883","122,301","35,369","56,310"
,,,,,,,,,,,,,,,,
95T ,"53,428","5,368","4,327","43,733","2,855","2,301","29,252","26,446","17,465","7,165","1,859",493,"47,439","3,576",937,"1,476"
95X ,"78,078","8,930","7,581","61,567","4,246","4,018","41,283","35,136","26,732","12,143","3,239",828,"67,496","6,320","1,590","2,672"
95O ,"59,340","6,558","4,967","47,815","3,308","2,595","31,870","29,927","18,248","8,417","2,220",528,"52,736","3,920","1,100","1,584"
95G ,"64,044","6,585","5,582","51,877","3,037","2,813","34,681","30,287","21,760","9,311","2,184",502,"56,904","4,249","1,089","1,802"
95D ,"31,224","3,572","2,694","24,958","1,860","1,436","16,660","14,605","10,466","4,583","1,267",303,"27,799","1,918",544,963
95Q ,"48,339","5,269","3,965","39,105","2,681","2,124","26,026","24,032","15,244","6,669","1,900",494,"42,573","3,399",916,"1,451"
95Z ,"280,962","41,176","25,560","214,226","22,034","14,026","151,728","127,861","85,293","45,017","17,584","5,207","247,097","17,983","6,139","9,743"
95V ,"39,114","4,425","3,769","30,920","2,192","1,996","20,968","17,696","13,283","6,059","1,689",387,"34,148","2,979",699,"1,288"
95Y ,"67,242","7,409","6,077","53,756","3,217","2,888","36,481","31,987","21,963","9,859","2,735",698,"58,194","5,681","1,245","2,122"
95C ,"59,067","6,159","5,423","47,485","3,026","2,852","31,850","27,436","20,144","8,819","2,152",516,"52,706","3,694","1,029","1,638"
95I ,"37,013","4,542","3,241","29,230","2,465","1,847","19,649","17,348","11,613","5,884","1,692",476,"32,904","2,306",748,"1,055"
95N ,"93,023","11,224","8,000","73,799","5,959","4,497","49,430","43,838","29,623","14,059","4,386","1,117","82,183","6,121","1,860","2,859"
95A ,"107,877","14,802","9,353","83,722","8,782","5,660","56,369","52,363","31,722","16,344","5,809","1,639","95,649","6,360","2,249","3,619"
95R ,"69,731","8,006","6,370","55,355","4,124","3,316","36,890","33,893","22,281","10,127","2,731",699,"61,093","4,920","1,419","2,299"
95M ,"57,852","6,367","4,659","46,826","3,369","2,511","31,415","28,488","18,409","8,092","2,275",588,"51,766","3,342","1,174","1,570"
95L ,"61,805","6,780","5,527","49,498","3,327","2,915","33,198","30,480","19,595","9,084","2,098",548,"55,056","3,908","1,142","1,699"
95F ,"32,180","3,593","3,132","25,455","1,706","1,619","17,190","14,328","11,140","5,122","1,287",303,"28,170","2,368",596,"1,046"
95B ,"33,536","3,974","2,980","26,582","2,289","1,802","17,967","15,934","10,634","5,076","1,542",350,"30,154","1,770",593,"1,019"
95S ,"120,165","12,900","9,964","97,301","6,643","5,416","64,907","59,834","37,889","16,309","4,837","1,296","105,287","8,768","2,312","3,798"
95H ,"45,038","4,494","3,817","36,727","2,294","2,076","24,462","22,704","13,964","6,337","1,587",446,"40,254","2,740",853,"1,191"
95E ,"17,050","2,056","1,557","13,437","1,031",799,"8,852","7,918","5,593","2,688",647,204,"15,097","1,081",315,557
95P ,"99,480","11,573","7,732","80,175","6,380","4,308","53,018","51,104","29,677","13,432","4,126","1,141","88,169","6,070","2,026","3,215"
95U ,"85,139","9,272","7,419","68,448","4,362","3,753","46,562","40,056","28,394","12,270","3,485",934,"74,369","6,570","1,560","2,640"
95W ,"78,937","7,766","7,227","63,944","3,431","3,468","43,051","37,653","27,039","10,912","2,624",709,"68,575","6,758","1,359","2,245"
95K ,"51,356","6,524","4,651","40,181","3,679","2,628","26,667","24,943","15,435","8,066","2,315",597,"45,637","3,281",984,"1,454"
95J ,"39,843","5,908","3,840","30,095","3,254","2,173","20,006","17,890","12,010","7,088","2,272",583,"35,428","2,219",891,"1,305"
